{"level":"info","message":"WebSocket server initialized","service":"sales-dialer-api","timestamp":"2026-05-31 23:52:09"}
{"environment":"development","level":"info","message":"Server running on port 5001","port":"5001","service":"sales-dialer-api","timestamp":"2026-05-31 23:52:09"}
{"level":"info","message":"API Documentation available at http://localhost:5001/api/docs","service":"sales-dialer-api","timestamp":"2026-05-31 23:52:09"}
{"level":"info","message":"Database connected successfully","service":"sales-dialer-api","timestamp":"2026-05-31 23:52:09"}
{"errors":[{"instance":null,"message":"email must be unique","origin":"DB","path":"email","type":"unique violation","validatorArgs":[],"validatorKey":"not_unique","validatorName":null,"value":null}],"fields":["email"],"level":"error","message":"Failed to start server: Validation error","name":"SequelizeUniqueConstraintError","original":{"code":"SQLITE_CONSTRAINT","errno":19,"sql":"INSERT INTO `Users_backup` SELECT `id`, `name`, `email`, `password`, `role`, `createdAt`, `updatedAt` FROM `Users`;"},"parent":{"code":"SQLITE_CONSTRAINT","errno":19,"sql":"INSERT INTO `Users_backup` SELECT `id`, `name`, `email`, `password`, `role`, `createdAt`, `updatedAt` FROM `Users`;"},"service":"sales-dialer-api","sql":"INSERT INTO `Users_backup` SELECT `id`, `name`, `email`, `password`, `role`, `createdAt`, `updatedAt` FROM `Users`;","stack":"Error\n    at Database.<anonymous> (/Users/user/sales-dialer/backend/node_modules/sequelize/lib/dialects/sqlite/query.js:185:27)\n    at /Users/user/sales-dialer/backend/node_modules/sequelize/lib/dialects/sqlite/query.js:183:50\n    at new Promise (<anonymous>)\n    at Query.run (/Users/user/sales-dialer/backend/node_modules/sequelize/lib/dialects/sqlite/query.js:183:12)\n    at /Users/user/sales-dialer/backend/node_modules/sequelize/lib/sequelize.js:315:28\n    at async SQLiteQueryInterface.changeColumn (/Users/user/sales-dialer/backend/node_modules/sequelize/lib/dialects/sqlite/query-interface.js:43:7)\n    at async User.sync (/Users/user/sales-dialer/backend/node_modules/sequelize/lib/model.js:984:11)\n    at async Sequelize.sync (/Users/user/sales-dialer/backend/node_modules/sequelize/lib/sequelize.js:377:9)\n    at async startServer (/Users/user/sales-dialer/backend/server.js:210:5)","timestamp":"2026-05-31 23:52:09"}
{"level":"info","message":"WebSocket server initialized","service":"sales-dialer-api","timestamp":"2026-05-31 23:55:59"}
{"environment":"development","level":"info","message":"Server running on port 5001","port":"5001","service":"sales-dialer-api","timestamp":"2026-05-31 23:55:59"}
{"level":"info","message":"API Documentation available at http://localhost:5001/api/docs","service":"sales-dialer-api","timestamp":"2026-05-31 23:55:59"}
{"level":"info","message":"Database connected successfully","service":"sales-dialer-api","timestamp":"2026-05-31 23:56:00"}
{"level":"info","message":"Database models synchronized","service":"sales-dialer-api","timestamp":"2026-05-31 23:56:00"}
{"level":"info","message":"Server ready to accept connections","service":"sales-dialer-api","timestamp":"2026-05-31 23:56:00"}
{"level":"http","message":"::1 - - [31/May/2026:18:26:33 +0000] \"GET /api/health HTTP/1.1\" 200 109 \"-\" \"curl/8.7.1\"","service":"sales-dialer-api","timestamp":"2026-05-31 23:56:33"}
{"level":"warn","message":"Client Error: Access denied. No token provided.","method":"GET","service":"sales-dialer-api","statusCode":401,"timestamp":"2026-05-31 23:56:37","url":"/api/auth/me"}
{"level":"http","message":"::1 - - [31/May/2026:18:26:37 +0000] \"GET /api/auth/me HTTP/1.1\" 401 116 \"-\" \"curl/8.7.1\"","service":"sales-dialer-api","timestamp":"2026-05-31 23:56:37"}
{"level":"info","message":"SIGINT received. Starting graceful shutdown...","service":"sales-dialer-api","timestamp":"2026-05-31 23:57:16"}
{"level":"info","message":"HTTP server closed","service":"sales-dialer-api","timestamp":"2026-05-31 23:57:16"}
{"level":"info","message":"Database connection closed","service":"sales-dialer-api","timestamp":"2026-05-31 23:57:16"}
{"level":"info","message":"WebSocket server initialized","service":"sales-dialer-api","timestamp":"2026-05-31 23:57:20"}
{"environment":"development","level":"info","message":"Server running on port 5001","port":"5001","service":"sales-dialer-api","timestamp":"2026-05-31 23:57:20"}
{"level":"info","message":"API Documentation available at http://localhost:5001/api/docs","service":"sales-dialer-api","timestamp":"2026-05-31 23:57:20"}
{"level":"info","message":"Database connected successfully","service":"sales-dialer-api","timestamp":"2026-05-31 23:57:20"}
{"level":"info","message":"Database models synchronized","service":"sales-dialer-api","timestamp":"2026-05-31 23:57:20"}
{"level":"info","message":"Server ready to accept connections","service":"sales-dialer-api","timestamp":"2026-05-31 23:57:20"}
{"level":"info","message":"SIGTERM received. Starting graceful shutdown...","service":"sales-dialer-api","timestamp":"2026-06-01 00:00:33"}
{"level":"info","message":"HTTP server closed","service":"sales-dialer-api","timestamp":"2026-06-01 00:00:33"}
{"level":"info","message":"Database connection closed","service":"sales-dialer-api","timestamp":"2026-06-01 00:00:33"}
{"level":"info","message":"WebSocket server initialized","service":"sales-dialer-api","timestamp":"2026-06-01 00:00:45"}
{"environment":"development","level":"info","message":"Server running on port 5001","port":"5001","service":"sales-dialer-api","timestamp":"2026-06-01 00:00:45"}
{"level":"info","message":"API Documentation available at http://localhost:5001/api/docs","service":"sales-dialer-api","timestamp":"2026-06-01 00:00:45"}
{"level":"info","message":"Database connected successfully","service":"sales-dialer-api","timestamp":"2026-06-01 00:00:45"}
{"level":"info","message":"Database models synchronized","service":"sales-dialer-api","timestamp":"2026-06-01 00:00:45"}
{"level":"info","message":"Server ready to accept connections","service":"sales-dialer-api","timestamp":"2026-06-01 00:00:45"}
{"level":"info","message":"WebSocket server initialized","service":"sales-dialer-api","timestamp":"2026-06-01 00:02:02"}
{"environment":"development","level":"info","message":"Server running on port 5001","port":"5001","service":"sales-dialer-api","timestamp":"2026-06-01 00:02:02"}
{"level":"info","message":"API Documentation available at http://localhost:5001/api/docs","service":"sales-dialer-api","timestamp":"2026-06-01 00:02:02"}
{"level":"info","message":"Database connected successfully","service":"sales-dialer-api","timestamp":"2026-06-01 00:02:02"}
{"level":"info","message":"Database models synchronized","service":"sales-dialer-api","timestamp":"2026-06-01 00:02:02"}
{"level":"info","message":"Server ready to accept connections","service":"sales-dialer-api","timestamp":"2026-06-01 00:02:02"}
{"ip":"::1","level":"error","message":"Server Error: SQLITE_ERROR: no such column: lastLoginAt","method":"POST","requestId":"req_1780252328206_ehbxmtwuj","service":"sales-dialer-api","stack":"Error\n    at Database.<anonymous> (/Users/user/sales-dialer/backend/node_modules/sequelize/lib/dialects/sqlite/query.js:185:27)\n    at /Users/user/sales-dialer/backend/node_modules/sequelize/lib/dialects/sqlite/query.js:183:50\n    at new Promise (<anonymous>)\n    at Query.run (/Users/user/sales-dialer/backend/node_modules/sequelize/lib/dialects/sqlite/query.js:183:12)\n    at /Users/user/sales-dialer/backend/node_modules/sequelize/lib/sequelize.js:315:28\n    at process.processTicksAndRejections (node:internal/process/task_queues:103:5)\n    at async SQLiteQueryInterface.select (/Users/user/sales-dialer/backend/node_modules/sequelize/lib/dialects/abstract/query-interface.js:407:12)\n    at async User.findAll (/Users/user/sales-dialer/backend/node_modules/sequelize/lib/model.js:1140:21)\n    at async User.findOne (/Users/user/sales-dialer/backend/node_modules/sequelize/lib/model.js:1240:12)\n    at async AuthService.login (/Users/user/sales-dialer/backend/src/services/auth.service.js:16:18)","timestamp":"2026-06-01 00:02:08","url":"/api/auth/login"}
{"level":"http","message":"::1 - - [31/May/2026:18:32:08 +0000] \"POST /api/auth/login HTTP/1.1\" 400 83 \"http://localhost:5174/\" \"Mozilla/5.0 (Linux; Android 6.0; Nexus 5 Build/MRA58N) AppleWebKit/537.36 (KHTML, like Gecko) Chrome/148.0.0.0 Mobile Safari/537.36\"","service":"sales-dialer-api","timestamp":"2026-06-01 00:02:08"}
{"ip":"::1","level":"error","message":"Server Error: SQLITE_ERROR: no such column: lastLoginAt","method":"POST","requestId":"req_1780252329804_c45u4z1ek","service":"sales-dialer-api","stack":"Error\n    at Database.<anonymous> (/Users/user/sales-dialer/backend/node_modules/sequelize/lib/dialects/sqlite/query.js:185:27)\n    at /Users/user/sales-dialer/backend/node_modules/sequelize/lib/dialects/sqlite/query.js:183:50\n    at new Promise (<anonymous>)\n    at Query.run (/Users/user/sales-dialer/backend/node_modules/sequelize/lib/dialects/sqlite/query.js:183:12)\n    at /Users/user/sales-dialer/backend/node_modules/sequelize/lib/sequelize.js:315:28\n    at process.processTicksAndRejections (node:internal/process/task_queues:103:5)\n    at async SQLiteQueryInterface.select (/Users/user/sales-dialer/backend/node_modules/sequelize/lib/dialects/abstract/query-interface.js:407:12)\n    at async User.findAll (/Users/user/sales-dialer/backend/node_modules/sequelize/lib/model.js:1140:21)\n    at async User.findOne (/Users/user/sales-dialer/backend/node_modules/sequelize/lib/model.js:1240:12)\n    at async AuthService.login (/Users/user/sales-dialer/backend/src/services/auth.service.js:16:18)","timestamp":"2026-06-01 00:02:09","url":"/api/auth/login"}
{"level":"http","message":"::1 - - [31/May/2026:18:32:09 +0000] \"POST /api/auth/login HTTP/1.1\" 400 83 \"http://localhost:5174/\" \"Mozilla/5.0 (Linux; Android 6.0; Nexus 5 Build/MRA58N) AppleWebKit/537.36 (KHTML, like Gecko) Chrome/148.0.0.0 Mobile Safari/537.36\"","service":"sales-dialer-api","timestamp":"2026-06-01 00:02:09"}
{"ip":"::1","level":"error","message":"Server Error: SQLITE_ERROR: no such column: lastLoginAt","method":"POST","requestId":"req_1780252331462_8xos16n0b","service":"sales-dialer-api","stack":"Error\n    at Database.<anonymous> (/Users/user/sales-dialer/backend/node_modules/sequelize/lib/dialects/sqlite/query.js:185:27)\n    at /Users/user/sales-dialer/backend/node_modules/sequelize/lib/dialects/sqlite/query.js:183:50\n    at new Promise (<anonymous>)\n    at Query.run (/Users/user/sales-dialer/backend/node_modules/sequelize/lib/dialects/sqlite/query.js:183:12)\n    at /Users/user/sales-dialer/backend/node_modules/sequelize/lib/sequelize.js:315:28\n    at process.processTicksAndRejections (node:internal/process/task_queues:103:5)\n    at async SQLiteQueryInterface.select (/Users/user/sales-dialer/backend/node_modules/sequelize/lib/dialects/abstract/query-interface.js:407:12)\n    at async User.findAll (/Users/user/sales-dialer/backend/node_modules/sequelize/lib/model.js:1140:21)\n    at async User.findOne (/Users/user/sales-dialer/backend/node_modules/sequelize/lib/model.js:1240:12)\n    at async AuthService.login (/Users/user/sales-dialer/backend/src/services/auth.service.js:16:18)","timestamp":"2026-06-01 00:02:11","url":"/api/auth/login"}
{"level":"http","message":"::1 - - [31/May/2026:18:32:11 +0000] \"POST /api/auth/login HTTP/1.1\" 400 83 \"http://localhost:5174/\" \"Mozilla/5.0 (Linux; Android 6.0; Nexus 5 Build/MRA58N) AppleWebKit/537.36 (KHTML, like Gecko) Chrome/148.0.0.0 Mobile Safari/537.36\"","service":"sales-dialer-api","timestamp":"2026-06-01 00:02:11"}
{"level":"info","message":"WebSocket server initialized","service":"sales-dialer-api","timestamp":"2026-06-01 00:04:06"}
{"environment":"development","level":"info","message":"Server running on port 5001","port":"5001","service":"sales-dialer-api","timestamp":"2026-06-01 00:04:06"}
{"level":"info","message":"API Documentation available at http://localhost:5001/api/docs","service":"sales-dialer-api","timestamp":"2026-06-01 00:04:06"}
{"level":"info","message":"Database connected successfully","service":"sales-dialer-api","timestamp":"2026-06-01 00:04:06"}
{"level":"info","message":"Database models synchronized","service":"sales-dialer-api","timestamp":"2026-06-01 00:04:06"}
{"level":"info","message":"Server ready to accept connections","service":"sales-dialer-api","timestamp":"2026-06-01 00:04:06"}
{"level":"info","message":"WebSocket server initialized","service":"sales-dialer-api","timestamp":"2026-06-01 00:04:39"}
{"environment":"development","level":"info","message":"Server running on port 5001","port":"5001","service":"sales-dialer-api","timestamp":"2026-06-01 00:04:39"}
{"level":"info","message":"API Documentation available at http://localhost:5001/api/docs","service":"sales-dialer-api","timestamp":"2026-06-01 00:04:39"}
{"level":"info","message":"Database connected successfully","service":"sales-dialer-api","timestamp":"2026-06-01 00:04:39"}
{"level":"info","message":"Database models synchronized","service":"sales-dialer-api","timestamp":"2026-06-01 00:04:39"}
{"level":"info","message":"Server ready to accept connections","service":"sales-dialer-api","timestamp":"2026-06-01 00:04:39"}
{"level":"info","message":"WebSocket server initialized","service":"sales-dialer-api","timestamp":"2026-06-01 00:05:57"}
{"environment":"development","level":"info","message":"Server running on port 5001","port":"5001","service":"sales-dialer-api","timestamp":"2026-06-01 00:05:57"}
{"level":"info","message":"API Documentation available at http://localhost:5001/api/docs","service":"sales-dialer-api","timestamp":"2026-06-01 00:05:57"}
{"level":"info","message":"Database connected successfully","service":"sales-dialer-api","timestamp":"2026-06-01 00:05:57"}
{"level":"info","message":"Database models synchronized","service":"sales-dialer-api","timestamp":"2026-06-01 00:05:57"}
{"level":"info","message":"Server ready to accept connections","service":"sales-dialer-api","timestamp":"2026-06-01 00:05:57"}
{"level":"warn","message":"Client Error: Invalid credentials","method":"POST","service":"sales-dialer-api","statusCode":401,"timestamp":"2026-06-01 00:06:09","url":"/api/auth/login"}
{"level":"http","message":"::1 - - [31/May/2026:18:36:09 +0000] \"POST /api/auth/login HTTP/1.1\" 401 102 \"-\" \"curl/8.7.1\"","service":"sales-dialer-api","timestamp":"2026-06-01 00:06:09"}
{"level":"info","message":"WebSocket server initialized","service":"sales-dialer-api","timestamp":"2026-06-01 00:07:28"}
{"environment":"development","level":"info","message":"Server running on port 5001","port":"5001","service":"sales-dialer-api","timestamp":"2026-06-01 00:07:28"}
{"level":"info","message":"API Documentation available at http://localhost:5001/api/docs","service":"sales-dialer-api","timestamp":"2026-06-01 00:07:28"}
{"level":"info","message":"Database connected successfully","service":"sales-dialer-api","timestamp":"2026-06-01 00:07:28"}
{"level":"info","message":"Database models synchronized","service":"sales-dialer-api","timestamp":"2026-06-01 00:07:28"}
{"level":"info","message":"Server ready to accept connections","service":"sales-dialer-api","timestamp":"2026-06-01 00:07:28"}
{"level":"warn","message":"Client Error: Account has been deactivated","method":"POST","service":"sales-dialer-api","statusCode":401,"timestamp":"2026-06-01 00:07:39","url":"/api/auth/login"}
{"level":"http","message":"::1 - - [31/May/2026:18:37:39 +0000] \"POST /api/auth/login HTTP/1.1\" 401 111 \"http://localhost:5174/\" \"Mozilla/5.0 (Linux; Android 6.0; Nexus 5 Build/MRA58N) AppleWebKit/537.36 (KHTML, like Gecko) Chrome/148.0.0.0 Mobile Safari/537.36\"","service":"sales-dialer-api","timestamp":"2026-06-01 00:07:39"}
{"level":"warn","message":"Client Error: Account has been deactivated","method":"POST","service":"sales-dialer-api","statusCode":401,"timestamp":"2026-06-01 00:07:46","url":"/api/auth/login"}
{"level":"http","message":"::1 - - [31/May/2026:18:37:46 +0000] \"POST /api/auth/login HTTP/1.1\" 401 111 \"http://localhost:5174/\" \"Mozilla/5.0 (Linux; Android 6.0; Nexus 5 Build/MRA58N) AppleWebKit/537.36 (KHTML, like Gecko) Chrome/148.0.0.0 Mobile Safari/537.36\"","service":"sales-dialer-api","timestamp":"2026-06-01 00:07:46"}
{"level":"info","message":"SIGINT received. Starting graceful shutdown...","service":"sales-dialer-api","timestamp":"2026-06-01 00:08:24"}
{"level":"info","message":"HTTP server closed","service":"sales-dialer-api","timestamp":"2026-06-01 00:08:24"}
{"level":"info","message":"Database connection closed","service":"sales-dialer-api","timestamp":"2026-06-01 00:08:24"}
{"level":"info","message":"WebSocket server initialized","service":"sales-dialer-api","timestamp":"2026-06-01 00:09:52"}
{"environment":"development","level":"info","message":"Server running on port 5001","port":"5001","service":"sales-dialer-api","timestamp":"2026-06-01 00:09:52"}
{"level":"info","message":"API Documentation available at http://localhost:5001/api/docs","service":"sales-dialer-api","timestamp":"2026-06-01 00:09:52"}
{"level":"info","message":"Database connected successfully","service":"sales-dialer-api","timestamp":"2026-06-01 00:09:52"}
{"level":"info","message":"Database models synchronized","service":"sales-dialer-api","timestamp":"2026-06-01 00:09:52"}
{"level":"info","message":"Server ready to accept connections","service":"sales-dialer-api","timestamp":"2026-06-01 00:09:52"}
{"level":"warn","message":"Client Error: Invalid credentials","method":"POST","service":"sales-dialer-api","statusCode":401,"timestamp":"2026-06-01 00:11:03","url":"/api/auth/login"}
{"level":"http","message":"::1 - - [31/May/2026:18:41:03 +0000] \"POST /api/auth/login HTTP/1.1\" 401 102 \"-\" \"curl/8.7.1\"","service":"sales-dialer-api","timestamp":"2026-06-01 00:11:03"}
{"level":"http","message":"::1 - - [31/May/2026:18:41:06 +0000] \"POST /api/auth/login HTTP/1.1\" 200 576 \"-\" \"curl/8.7.1\"","service":"sales-dialer-api","timestamp":"2026-06-01 00:11:06"}
{"level":"warn","message":"Client Error: Invalid credentials","method":"POST","service":"sales-dialer-api","statusCode":401,"timestamp":"2026-06-01 00:11:13","url":"/api/auth/login"}
{"level":"http","message":"::1 - - [31/May/2026:18:41:13 +0000] \"POST /api/auth/login HTTP/1.1\" 401 102 \"-\" \"curl/8.7.1\"","service":"sales-dialer-api","timestamp":"2026-06-01 00:11:13"}
{"level":"info","message":"SIGTERM received. Starting graceful shutdown...","service":"sales-dialer-api","timestamp":"2026-06-01 00:11:20"}
{"level":"info","message":"HTTP server closed","service":"sales-dialer-api","timestamp":"2026-06-01 00:11:20"}
{"level":"info","message":"Database connection closed","service":"sales-dialer-api","timestamp":"2026-06-01 00:11:20"}
{"level":"info","message":"WebSocket server initialized","service":"sales-dialer-api","timestamp":"2026-06-01 00:11:29"}
{"environment":"development","level":"info","message":"Server running on port 5001","port":"5001","service":"sales-dialer-api","timestamp":"2026-06-01 00:11:29"}
{"level":"info","message":"API Documentation available at http://localhost:5001/api/docs","service":"sales-dialer-api","timestamp":"2026-06-01 00:11:29"}
{"level":"info","message":"Database connected successfully","service":"sales-dialer-api","timestamp":"2026-06-01 00:11:29"}
{"level":"info","message":"Database models synchronized","service":"sales-dialer-api","timestamp":"2026-06-01 00:11:29"}
{"level":"info","message":"Server ready to accept connections","service":"sales-dialer-api","timestamp":"2026-06-01 00:11:29"}
{"level":"warn","message":"Client Error: Invalid credentials","method":"POST","service":"sales-dialer-api","statusCode":401,"timestamp":"2026-06-01 00:11:32","url":"/api/auth/login"}
{"level":"http","message":"::1 - - [31/May/2026:18:41:32 +0000] \"POST /api/auth/login HTTP/1.1\" 401 102 \"-\" \"curl/8.7.1\"","service":"sales-dialer-api","timestamp":"2026-06-01 00:11:32"}
{"level":"http","message":"::1 - - [31/May/2026:18:43:29 +0000] \"POST /api/auth/login HTTP/1.1\" 200 578 \"-\" \"curl/8.7.1\"","service":"sales-dialer-api","timestamp":"2026-06-01 00:13:29"}
{"level":"http","message":"::1 - - [31/May/2026:18:43:37 +0000] \"POST /api/auth/login HTTP/1.1\" 200 576 \"-\" \"curl/8.7.1\"","service":"sales-dialer-api","timestamp":"2026-06-01 00:13:37"}
{"level":"info","message":"WebSocket server initialized","service":"sales-dialer-api","timestamp":"2026-06-01 00:16:58"}
{"environment":"development","level":"info","message":"Server running on port 5001","port":"5001","service":"sales-dialer-api","timestamp":"2026-06-01 00:16:58"}
{"level":"info","message":"API Documentation available at http://localhost:5001/api/docs","service":"sales-dialer-api","timestamp":"2026-06-01 00:16:58"}
{"level":"info","message":"Database connected successfully","service":"sales-dialer-api","timestamp":"2026-06-01 00:16:58"}
{"level":"info","message":"Database models synchronized","service":"sales-dialer-api","timestamp":"2026-06-01 00:16:58"}
{"level":"info","message":"Server ready to accept connections","service":"sales-dialer-api","timestamp":"2026-06-01 00:16:58"}
{"level":"http","message":"::1 - - [31/May/2026:18:47:10 +0000] \"POST /api/auth/login HTTP/1.1\" 200 578 \"http://localhost:5174/\" \"Mozilla/5.0 (Macintosh; Intel Mac OS X 10_15_7) AppleWebKit/537.36 (KHTML, like Gecko) Chrome/148.0.0.0 Safari/537.36\"","service":"sales-dialer-api","timestamp":"2026-06-01 00:17:10"}
{"level":"warn","message":"Client Error: Invalid token. Please login again.","method":"GET","service":"sales-dialer-api","statusCode":401,"timestamp":"2026-06-01 00:17:10","url":"/api/dashboard"}
{"level":"http","message":"::1 - - [31/May/2026:18:47:10 +0000] \"GET /api/dashboard HTTP/1.1\" 401 117 \"http://localhost:5174/\" \"Mozilla/5.0 (Macintosh; Intel Mac OS X 10_15_7) AppleWebKit/537.36 (KHTML, like Gecko) Chrome/148.0.0.0 Safari/537.36\"","service":"sales-dialer-api","timestamp":"2026-06-01 00:17:10"}
{"level":"http","message":"::1 - - [31/May/2026:18:47:17 +0000] \"POST /api/auth/login HTTP/1.1\" 200 578 \"http://localhost:5174/\" \"Mozilla/5.0 (Linux; Android 6.0; Nexus 5 Build/MRA58N) AppleWebKit/537.36 (KHTML, like Gecko) Chrome/148.0.0.0 Mobile Safari/537.36\"","service":"sales-dialer-api","timestamp":"2026-06-01 00:17:17"}
{"level":"warn","message":"Client Error: Invalid token. Please login again.","method":"GET","service":"sales-dialer-api","statusCode":401,"timestamp":"2026-06-01 00:17:17","url":"/api/dashboard"}
{"level":"http","message":"::1 - - [31/May/2026:18:47:17 +0000] \"GET /api/dashboard HTTP/1.1\" 401 117 \"http://localhost:5174/\" \"Mozilla/5.0 (Linux; Android 6.0; Nexus 5 Build/MRA58N) AppleWebKit/537.36 (KHTML, like Gecko) Chrome/148.0.0.0 Mobile Safari/537.36\"","service":"sales-dialer-api","timestamp":"2026-06-01 00:17:17"}
{"level":"http","message":"::1 - - [31/May/2026:18:47:31 +0000] \"POST /api/auth/login HTTP/1.1\" 200 578 \"http://localhost:5174/\" \"Mozilla/5.0 (Linux; Android 6.0; Nexus 5 Build/MRA58N) AppleWebKit/537.36 (KHTML, like Gecko) Chrome/148.0.0.0 Mobile Safari/537.36\"","service":"sales-dialer-api","timestamp":"2026-06-01 00:17:31"}
{"level":"warn","message":"Client Error: Invalid token. Please login again.","method":"GET","service":"sales-dialer-api","statusCode":401,"timestamp":"2026-06-01 00:17:32","url":"/api/dashboard"}
{"level":"http","message":"::1 - - [31/May/2026:18:47:32 +0000] \"GET /api/dashboard HTTP/1.1\" 401 117 \"http://localhost:5174/\" \"Mozilla/5.0 (Linux; Android 6.0; Nexus 5 Build/MRA58N) AppleWebKit/537.36 (KHTML, like Gecko) Chrome/148.0.0.0 Mobile Safari/537.36\"","service":"sales-dialer-api","timestamp":"2026-06-01 00:17:32"}
{"level":"http","message":"::1 - - [31/May/2026:18:50:32 +0000] \"GET /api/health HTTP/1.1\" 200 110 \"-\" \"curl/8.7.1\"","service":"sales-dialer-api","timestamp":"2026-06-01 00:20:32"}
{"level":"http","message":"::1 - - [31/May/2026:18:51:07 +0000] \"GET /api/health HTTP/1.1\" 200 107 \"-\" \"curl/8.7.1\"","service":"sales-dialer-api","timestamp":"2026-06-01 00:21:07"}
{"level":"info","message":"SIGTERM received. Starting graceful shutdown...","service":"sales-dialer-api","timestamp":"2026-06-01 00:21:07"}
{"level":"info","message":"HTTP server closed","service":"sales-dialer-api","timestamp":"2026-06-01 00:21:07"}
{"level":"info","message":"Database connection closed","service":"sales-dialer-api","timestamp":"2026-06-01 00:21:07"}
{"level":"info","message":"WebSocket server initialized","service":"sales-dialer-api","timestamp":"2026-06-01 00:22:19"}
{"environment":"development","level":"info","message":"Server running on port 5001","port":"5001","service":"sales-dialer-api","timestamp":"2026-06-01 00:22:19"}
{"level":"info","message":"API Documentation available at http://localhost:5001/api/docs","service":"sales-dialer-api","timestamp":"2026-06-01 00:22:19"}
{"level":"info","message":"Database connected successfully","service":"sales-dialer-api","timestamp":"2026-06-01 00:22:19"}
{"level":"info","message":"Database models synchronized","service":"sales-dialer-api","timestamp":"2026-06-01 00:22:19"}
{"level":"info","message":"Server ready to accept connections","service":"sales-dialer-api","timestamp":"2026-06-01 00:22:19"}
{"level":"http","message":"::1 - - [31/May/2026:18:52:21 +0000] \"GET /api/health HTTP/1.1\" 200 108 \"-\" \"curl/8.7.1\"","service":"sales-dialer-api","timestamp":"2026-06-01 00:22:21"}
{"level":"warn","message":"Client Error: Invalid credentials","method":"POST","service":"sales-dialer-api","statusCode":401,"timestamp":"2026-06-01 00:23:37","url":"/api/auth/login"}
{"level":"http","message":"::1 - - [31/May/2026:18:53:37 +0000] \"POST /api/auth/login HTTP/1.1\" 401 102 \"-\" \"curl/8.7.1\"","service":"sales-dialer-api","timestamp":"2026-06-01 00:23:37"}
{"level":"warn","message":"Client Error: Invalid credentials","method":"POST","service":"sales-dialer-api","statusCode":401,"timestamp":"2026-06-01 00:24:18","url":"/api/auth/login"}
{"level":"http","message":"::1 - - [31/May/2026:18:54:18 +0000] \"POST /api/auth/login HTTP/1.1\" 401 102 \"-\" \"curl/8.7.1\"","service":"sales-dialer-api","timestamp":"2026-06-01 00:24:18"}
{"level":"http","message":"::1 - - [31/May/2026:18:56:14 +0000] \"POST /api/auth/login HTTP/1.1\" 200 581 \"-\" \"curl/8.7.1\"","service":"sales-dialer-api","timestamp":"2026-06-01 00:26:14"}
{"level":"http","message":"::1 - - [31/May/2026:18:56:15 +0000] \"GET /api/dashboard HTTP/1.1\" 200 879 \"-\" \"curl/8.7.1\"","service":"sales-dialer-api","timestamp":"2026-06-01 00:26:15"}
{"level":"info","message":"WebSocket server initialized","service":"sales-dialer-api","timestamp":"2026-06-01 00:27:33"}
{"environment":"development","level":"info","message":"Server running on port 5001","port":"5001","service":"sales-dialer-api","timestamp":"2026-06-01 00:27:33"}
{"level":"info","message":"API Documentation available at http://localhost:5001/api/docs","service":"sales-dialer-api","timestamp":"2026-06-01 00:27:33"}
{"level":"info","message":"Database connected successfully","service":"sales-dialer-api","timestamp":"2026-06-01 00:27:33"}
{"level":"info","message":"Database models synchronized","service":"sales-dialer-api","timestamp":"2026-06-01 00:27:33"}
{"level":"info","message":"Server ready to accept connections","service":"sales-dialer-api","timestamp":"2026-06-01 00:27:33"}
{"level":"http","message":"::1 - - [31/May/2026:18:57:46 +0000] \"POST /api/auth/login HTTP/1.1\" 200 578 \"http://localhost:5174/\" \"Mozilla/5.0 (Linux; Android 6.0; Nexus 5 Build/MRA58N) AppleWebKit/537.36 (KHTML, like Gecko) Chrome/148.0.0.0 Mobile Safari/537.36\"","service":"sales-dialer-api","timestamp":"2026-06-01 00:27:46"}
{"level":"warn","message":"Client Error: Invalid token. Please login again.","method":"GET","service":"sales-dialer-api","statusCode":401,"timestamp":"2026-06-01 00:27:47","url":"/api/dashboard"}
{"level":"http","message":"::1 - - [31/May/2026:18:57:47 +0000] \"GET /api/dashboard HTTP/1.1\" 401 117 \"http://localhost:5174/\" \"Mozilla/5.0 (Linux; Android 6.0; Nexus 5 Build/MRA58N) AppleWebKit/537.36 (KHTML, like Gecko) Chrome/148.0.0.0 Mobile Safari/537.36\"","service":"sales-dialer-api","timestamp":"2026-06-01 00:27:47"}
{"level":"info","message":"SIGINT received. Starting graceful shutdown...","service":"sales-dialer-api","timestamp":"2026-06-01 00:28:37"}
{"level":"info","message":"HTTP server closed","service":"sales-dialer-api","timestamp":"2026-06-01 00:28:37"}
{"level":"info","message":"WebSocket server initialized","service":"sales-dialer-api","timestamp":"2026-06-01 00:30:23"}
{"environment":"development","level":"info","message":"Server running on port 5001","port":"5001","service":"sales-dialer-api","timestamp":"2026-06-01 00:30:23"}
{"level":"info","message":"API Documentation available at http://localhost:5001/api/docs","service":"sales-dialer-api","timestamp":"2026-06-01 00:30:23"}
{"level":"info","message":"Database connected successfully","service":"sales-dialer-api","timestamp":"2026-06-01 00:30:23"}
{"level":"info","message":"Database models synchronized","service":"sales-dialer-api","timestamp":"2026-06-01 00:30:23"}
{"level":"info","message":"Server ready to accept connections","service":"sales-dialer-api","timestamp":"2026-06-01 00:30:23"}
{"level":"info","message":"WebSocket server initialized","service":"sales-dialer-api","timestamp":"2026-06-01 00:30:54"}
{"environment":"development","level":"info","message":"Server running on port 5001","port":"5001","service":"sales-dialer-api","timestamp":"2026-06-01 00:30:54"}
{"level":"info","message":"API Documentation available at http://localhost:5001/api/docs","service":"sales-dialer-api","timestamp":"2026-06-01 00:30:54"}
{"level":"info","message":"Database connected successfully","service":"sales-dialer-api","timestamp":"2026-06-01 00:30:54"}
{"level":"info","message":"Database models synchronized","service":"sales-dialer-api","timestamp":"2026-06-01 00:30:54"}
{"level":"info","message":"Server ready to accept connections","service":"sales-dialer-api","timestamp":"2026-06-01 00:30:54"}
{"level":"info","message":"SIGTERM received. Starting graceful shutdown...","service":"sales-dialer-api","timestamp":"2026-06-01 00:31:04"}
{"level":"info","message":"HTTP server closed","service":"sales-dialer-api","timestamp":"2026-06-01 00:31:04"}
{"level":"info","message":"Database connection closed","service":"sales-dialer-api","timestamp":"2026-06-01 00:31:04"}
{"level":"info","message":"WebSocket server initialized","service":"sales-dialer-api","timestamp":"2026-06-01 00:31:05"}
{"environment":"development","level":"info","message":"Server running on port 5001","port":"5001","service":"sales-dialer-api","timestamp":"2026-06-01 00:31:05"}
{"level":"info","message":"API Documentation available at http://localhost:5001/api/docs","service":"sales-dialer-api","timestamp":"2026-06-01 00:31:05"}
{"level":"info","message":"Database connected successfully","service":"sales-dialer-api","timestamp":"2026-06-01 00:31:05"}
{"level":"info","message":"Database models synchronized","service":"sales-dialer-api","timestamp":"2026-06-01 00:31:05"}
{"level":"info","message":"Server ready to accept connections","service":"sales-dialer-api","timestamp":"2026-06-01 00:31:05"}
{"level":"warn","message":"Client Error: Invalid credentials","method":"POST","service":"sales-dialer-api","statusCode":401,"timestamp":"2026-06-01 00:31:47","url":"/api/auth/login"}
{"level":"http","message":"::1 - - [31/May/2026:19:01:47 +0000] \"POST /api/auth/login HTTP/1.1\" 401 102 \"-\" \"curl/8.7.1\"","service":"sales-dialer-api","timestamp":"2026-06-01 00:31:47"}
{"level":"http","message":"::1 - - [31/May/2026:19:02:27 +0000] \"POST /api/auth/login HTTP/1.1\" 200 578 \"-\" \"curl/8.7.1\"","service":"sales-dialer-api","timestamp":"2026-06-01 00:32:27"}
{"level":"http","message":"::1 - - [31/May/2026:19:03:03 +0000] \"GET /api/dashboard HTTP/1.1\" 200 1330 \"-\" \"curl/8.7.1\"","service":"sales-dialer-api","timestamp":"2026-06-01 00:33:03"}
{"level":"info","message":"WebSocket server initialized","service":"sales-dialer-api","timestamp":"2026-06-01 00:36:06"}
{"environment":"development","level":"info","message":"Server running on port 5001","port":"5001","service":"sales-dialer-api","timestamp":"2026-06-01 00:36:06"}
{"level":"info","message":"API Documentation available at http://localhost:5001/api/docs","service":"sales-dialer-api","timestamp":"2026-06-01 00:36:06"}
{"level":"info","message":"Database connected successfully","service":"sales-dialer-api","timestamp":"2026-06-01 00:36:06"}
{"level":"info","message":"Database models synchronized","service":"sales-dialer-api","timestamp":"2026-06-01 00:36:06"}
{"level":"info","message":"Server ready to accept connections","service":"sales-dialer-api","timestamp":"2026-06-01 00:36:06"}
{"level":"http","message":"::1 - - [31/May/2026:19:06:18 +0000] \"POST /api/auth/login HTTP/1.1\" 200 578 \"http://localhost:5174/\" \"Mozilla/5.0 (Macintosh; Intel Mac OS X 10_15_7) AppleWebKit/537.36 (KHTML, like Gecko) Chrome/148.0.0.0 Safari/537.36\"","service":"sales-dialer-api","timestamp":"2026-06-01 00:36:18"}
{"level":"http","message":"::1 - - [31/May/2026:19:06:18 +0000] \"GET /api/dashboard HTTP/1.1\" 200 1330 \"http://localhost:5174/\" \"Mozilla/5.0 (Macintosh; Intel Mac OS X 10_15_7) AppleWebKit/537.36 (KHTML, like Gecko) Chrome/148.0.0.0 Safari/537.36\"","service":"sales-dialer-api","timestamp":"2026-06-01 00:36:18"}
{"level":"warn","message":"Client Error: Validation failed","method":"GET","service":"sales-dialer-api","statusCode":422,"timestamp":"2026-06-01 00:36:21","url":"/api/contacts?page=1&limit=10&search=&status="}
{"level":"http","message":"::1 - - [31/May/2026:19:06:21 +0000] \"GET /api/contacts?page=1&limit=10&search=&status= HTTP/1.1\" 422 161 \"http://localhost:5174/\" \"Mozilla/5.0 (Macintosh; Intel Mac OS X 10_15_7) AppleWebKit/537.36 (KHTML, like Gecko) Chrome/148.0.0.0 Safari/537.36\"","service":"sales-dialer-api","timestamp":"2026-06-01 00:36:21"}
{"level":"warn","message":"Client Error: Validation failed","method":"GET","service":"sales-dialer-api","statusCode":422,"timestamp":"2026-06-01 00:36:22","url":"/api/contacts?page=1&limit=10&search=&status="}
{"level":"http","message":"::1 - - [31/May/2026:19:06:22 +0000] \"GET /api/contacts?page=1&limit=10&search=&status= HTTP/1.1\" 422 161 \"http://localhost:5174/\" \"Mozilla/5.0 (Macintosh; Intel Mac OS X 10_15_7) AppleWebKit/537.36 (KHTML, like Gecko) Chrome/148.0.0.0 Safari/537.36\"","service":"sales-dialer-api","timestamp":"2026-06-01 00:36:22"}
{"level":"http","message":"::1 - - [31/May/2026:19:06:23 +0000] \"GET /api/contacts?limit=100 HTTP/1.1\" 200 503 \"http://localhost:5174/\" \"Mozilla/5.0 (Macintosh; Intel Mac OS X 10_15_7) AppleWebKit/537.36 (KHTML, like Gecko) Chrome/148.0.0.0 Safari/537.36\"","service":"sales-dialer-api","timestamp":"2026-06-01 00:36:23"}
{"level":"warn","message":"Client Error: Validation failed","method":"GET","service":"sales-dialer-api","statusCode":422,"timestamp":"2026-06-01 00:36:24","url":"/api/calls?page=1&limit=10&contactId=&sortBy=date&order=desc"}
{"level":"http","message":"::1 - - [31/May/2026:19:06:24 +0000] \"GET /api/calls?page=1&limit=10&contactId=&sortBy=date&order=desc HTTP/1.1\" 422 233 \"http://localhost:5174/\" \"Mozilla/5.0 (Macintosh; Intel Mac OS X 10_15_7) AppleWebKit/537.36 (KHTML, like Gecko) Chrome/148.0.0.0 Safari/537.36\"","service":"sales-dialer-api","timestamp":"2026-06-01 00:36:24"}
{"level":"http","message":"::1 - - [31/May/2026:19:06:24 +0000] \"GET /api/contacts?limit=100 HTTP/1.1\" 200 503 \"http://localhost:5174/\" \"Mozilla/5.0 (Macintosh; Intel Mac OS X 10_15_7) AppleWebKit/537.36 (KHTML, like Gecko) Chrome/148.0.0.0 Safari/537.36\"","service":"sales-dialer-api","timestamp":"2026-06-01 00:36:24"}
{"level":"warn","message":"Client Error: Validation failed","method":"GET","service":"sales-dialer-api","statusCode":422,"timestamp":"2026-06-01 00:36:25","url":"/api/calls?page=1&limit=10&contactId=&sortBy=date&order=desc"}
{"level":"http","message":"::1 - - [31/May/2026:19:06:25 +0000] \"GET /api/calls?page=1&limit=10&contactId=&sortBy=date&order=desc HTTP/1.1\" 422 233 \"http://localhost:5174/\" \"Mozilla/5.0 (Macintosh; Intel Mac OS X 10_15_7) AppleWebKit/537.36 (KHTML, like Gecko) Chrome/148.0.0.0 Safari/537.36\"","service":"sales-dialer-api","timestamp":"2026-06-01 00:36:25"}
{"level":"http","message":"::1 - - [31/May/2026:19:06:26 +0000] \"GET /api/dashboard HTTP/1.1\" 200 1330 \"http://localhost:5174/\" \"Mozilla/5.0 (Macintosh; Intel Mac OS X 10_15_7) AppleWebKit/537.36 (KHTML, like Gecko) Chrome/148.0.0.0 Safari/537.36\"","service":"sales-dialer-api","timestamp":"2026-06-01 00:36:26"}
{"level":"warn","message":"Client Error: Validation failed","method":"GET","service":"sales-dialer-api","statusCode":422,"timestamp":"2026-06-01 00:36:28","url":"/api/contacts?page=1&limit=10&search=&status="}
{"level":"http","message":"::1 - - [31/May/2026:19:06:28 +0000] \"GET /api/contacts?page=1&limit=10&search=&status= HTTP/1.1\" 422 161 \"http://localhost:5174/\" \"Mozilla/5.0 (Macintosh; Intel Mac OS X 10_15_7) AppleWebKit/537.36 (KHTML, like Gecko) Chrome/148.0.0.0 Safari/537.36\"","service":"sales-dialer-api","timestamp":"2026-06-01 00:36:28"}
{"level":"warn","message":"Client Error: Validation failed","method":"GET","service":"sales-dialer-api","statusCode":422,"timestamp":"2026-06-01 00:36:29","url":"/api/contacts?page=1&limit=10&search=&status="}
{"level":"http","message":"::1 - - [31/May/2026:19:06:29 +0000] \"GET /api/contacts?page=1&limit=10&search=&status= HTTP/1.1\" 422 161 \"http://localhost:5174/\" \"Mozilla/5.0 (Macintosh; Intel Mac OS X 10_15_7) AppleWebKit/537.36 (KHTML, like Gecko) Chrome/148.0.0.0 Safari/537.36\"","service":"sales-dialer-api","timestamp":"2026-06-01 00:36:29"}
{"level":"warn","message":"Client Error: Validation failed","method":"GET","service":"sales-dialer-api","statusCode":422,"timestamp":"2026-06-01 00:36:32","url":"/api/contacts?page=1&limit=10&search=jk&status="}
{"level":"http","message":"::1 - - [31/May/2026:19:06:32 +0000] \"GET /api/contacts?page=1&limit=10&search=jk&status= HTTP/1.1\" 422 161 \"http://localhost:5174/\" \"Mozilla/5.0 (Macintosh; Intel Mac OS X 10_15_7) AppleWebKit/537.36 (KHTML, like Gecko) Chrome/148.0.0.0 Safari/537.36\"","service":"sales-dialer-api","timestamp":"2026-06-01 00:36:32"}
{"level":"warn","message":"Client Error: Validation failed","method":"GET","service":"sales-dialer-api","statusCode":422,"timestamp":"2026-06-01 00:36:33","url":"/api/contacts?page=1&limit=10&search=jkk&status="}
{"level":"http","message":"::1 - - [31/May/2026:19:06:33 +0000] \"GET /api/contacts?page=1&limit=10&search=jkk&status= HTTP/1.1\" 422 161 \"http://localhost:5174/\" \"Mozilla/5.0 (Macintosh; Intel Mac OS X 10_15_7) AppleWebKit/537.36 (KHTML, like Gecko) Chrome/148.0.0.0 Safari/537.36\"","service":"sales-dialer-api","timestamp":"2026-06-01 00:36:33"}
{"level":"warn","message":"Client Error: Validation failed","method":"GET","service":"sales-dialer-api","statusCode":422,"timestamp":"2026-06-01 00:36:34","url":"/api/contacts?page=1&limit=10&search=k&status="}
{"level":"http","message":"::1 - - [31/May/2026:19:06:34 +0000] \"GET /api/contacts?page=1&limit=10&search=k&status= HTTP/1.1\" 422 161 \"http://localhost:5174/\" \"Mozilla/5.0 (Macintosh; Intel Mac OS X 10_15_7) AppleWebKit/537.36 (KHTML, like Gecko) Chrome/148.0.0.0 Safari/537.36\"","service":"sales-dialer-api","timestamp":"2026-06-01 00:36:34"}
{"level":"warn","message":"Client Error: Validation failed","method":"GET","service":"sales-dialer-api","statusCode":422,"timestamp":"2026-06-01 00:36:35","url":"/api/contacts?page=1&limit=10&search=k&status="}
{"level":"http","message":"::1 - - [31/May/2026:19:06:35 +0000] \"GET /api/contacts?page=1&limit=10&search=k&status= HTTP/1.1\" 422 161 \"http://localhost:5174/\" \"Mozilla/5.0 (Macintosh; Intel Mac OS X 10_15_7) AppleWebKit/537.36 (KHTML, like Gecko) Chrome/148.0.0.0 Safari/537.36\"","service":"sales-dialer-api","timestamp":"2026-06-01 00:36:35"}
{"level":"http","message":"::1 - - [31/May/2026:19:06:51 +0000] \"POST /api/contacts HTTP/1.1\" 201 380 \"http://localhost:5174/\" \"Mozilla/5.0 (Macintosh; Intel Mac OS X 10_15_7) AppleWebKit/537.36 (KHTML, like Gecko) Chrome/148.0.0.0 Safari/537.36\"","service":"sales-dialer-api","timestamp":"2026-06-01 00:36:51"}
{"level":"warn","message":"Client Error: Validation failed","method":"GET","service":"sales-dialer-api","statusCode":422,"timestamp":"2026-06-01 00:36:51","url":"/api/contacts?page=1&limit=10&search=k&status="}
{"level":"http","message":"::1 - - [31/May/2026:19:06:51 +0000] \"GET /api/contacts?page=1&limit=10&search=k&status= HTTP/1.1\" 422 161 \"http://localhost:5174/\" \"Mozilla/5.0 (Macintosh; Intel Mac OS X 10_15_7) AppleWebKit/537.36 (KHTML, like Gecko) Chrome/148.0.0.0 Safari/537.36\"","service":"sales-dialer-api","timestamp":"2026-06-01 00:36:51"}
{"level":"warn","message":"Client Error: Validation failed","method":"GET","service":"sales-dialer-api","statusCode":422,"timestamp":"2026-06-01 00:36:52","url":"/api/contacts?page=1&limit=10&search=k&status="}
{"level":"http","message":"::1 - - [31/May/2026:19:06:52 +0000] \"GET /api/contacts?page=1&limit=10&search=k&status= HTTP/1.1\" 422 161 \"http://localhost:5174/\" \"Mozilla/5.0 (Macintosh; Intel Mac OS X 10_15_7) AppleWebKit/537.36 (KHTML, like Gecko) Chrome/148.0.0.0 Safari/537.36\"","service":"sales-dialer-api","timestamp":"2026-06-01 00:36:52"}
{"level":"warn","message":"Client Error: Validation failed","method":"GET","service":"sales-dialer-api","statusCode":422,"timestamp":"2026-06-01 00:36:56","url":"/api/contacts?page=1&limit=10&search=&status="}
{"level":"http","message":"::1 - - [31/May/2026:19:06:56 +0000] \"GET /api/contacts?page=1&limit=10&search=&status= HTTP/1.1\" 422 161 \"http://localhost:5174/\" \"Mozilla/5.0 (Macintosh; Intel Mac OS X 10_15_7) AppleWebKit/537.36 (KHTML, like Gecko) Chrome/148.0.0.0 Safari/537.36\"","service":"sales-dialer-api","timestamp":"2026-06-01 00:36:56"}
{"level":"warn","message":"Client Error: Validation failed","method":"GET","service":"sales-dialer-api","statusCode":422,"timestamp":"2026-06-01 00:36:57","url":"/api/contacts?page=1&limit=10&search=&status="}
{"level":"http","message":"::1 - - [31/May/2026:19:06:57 +0000] \"GET /api/contacts?page=1&limit=10&search=&status= HTTP/1.1\" 422 161 \"http://localhost:5174/\" \"Mozilla/5.0 (Macintosh; Intel Mac OS X 10_15_7) AppleWebKit/537.36 (KHTML, like Gecko) Chrome/148.0.0.0 Safari/537.36\"","service":"sales-dialer-api","timestamp":"2026-06-01 00:36:57"}
{"level":"warn","message":"Client Error: Validation failed","method":"GET","service":"sales-dialer-api","statusCode":422,"timestamp":"2026-06-01 00:36:59","url":"/api/contacts?page=1&limit=10&search=k&status="}
{"level":"http","message":"::1 - - [31/May/2026:19:06:59 +0000] \"GET /api/contacts?page=1&limit=10&search=k&status= HTTP/1.1\" 422 161 \"http://localhost:5174/\" \"Mozilla/5.0 (Macintosh; Intel Mac OS X 10_15_7) AppleWebKit/537.36 (KHTML, like Gecko) Chrome/148.0.0.0 Safari/537.36\"","service":"sales-dialer-api","timestamp":"2026-06-01 00:36:59"}
{"level":"warn","message":"Client Error: Validation failed","method":"GET","service":"sales-dialer-api","statusCode":422,"timestamp":"2026-06-01 00:37:00","url":"/api/contacts?page=1&limit=10&search=k&status="}
{"level":"http","message":"::1 - - [31/May/2026:19:07:00 +0000] \"GET /api/contacts?page=1&limit=10&search=k&status= HTTP/1.1\" 422 161 \"http://localhost:5174/\" \"Mozilla/5.0 (Macintosh; Intel Mac OS X 10_15_7) AppleWebKit/537.36 (KHTML, like Gecko) Chrome/148.0.0.0 Safari/537.36\"","service":"sales-dialer-api","timestamp":"2026-06-01 00:37:00"}
{"level":"http","message":"::1 - - [31/May/2026:19:07:05 +0000] \"GET /api/dashboard HTTP/1.1\" 200 1330 \"http://localhost:5174/\" \"Mozilla/5.0 (Macintosh; Intel Mac OS X 10_15_7) AppleWebKit/537.36 (KHTML, like Gecko) Chrome/148.0.0.0 Safari/537.36\"","service":"sales-dialer-api","timestamp":"2026-06-01 00:37:05"}
{"level":"http","message":"::1 - - [31/May/2026:19:07:10 +0000] \"GET /api/contacts?limit=100 HTTP/1.1\" 200 793 \"http://localhost:5174/\" \"Mozilla/5.0 (Macintosh; Intel Mac OS X 10_15_7) AppleWebKit/537.36 (KHTML, like Gecko) Chrome/148.0.0.0 Safari/537.36\"","service":"sales-dialer-api","timestamp":"2026-06-01 00:37:10"}
{"level":"warn","message":"Client Error: Validation failed","method":"GET","service":"sales-dialer-api","statusCode":422,"timestamp":"2026-06-01 00:37:15","url":"/api/contacts?page=1&limit=10&search=&status="}
{"level":"http","message":"::1 - - [31/May/2026:19:07:15 +0000] \"GET /api/contacts?page=1&limit=10&search=&status= HTTP/1.1\" 422 161 \"http://localhost:5174/\" \"Mozilla/5.0 (Macintosh; Intel Mac OS X 10_15_7) AppleWebKit/537.36 (KHTML, like Gecko) Chrome/148.0.0.0 Safari/537.36\"","service":"sales-dialer-api","timestamp":"2026-06-01 00:37:15"}
{"level":"warn","message":"Client Error: Validation failed","method":"GET","service":"sales-dialer-api","statusCode":422,"timestamp":"2026-06-01 00:37:16","url":"/api/contacts?page=1&limit=10&search=&status="}
{"level":"http","message":"::1 - - [31/May/2026:19:07:16 +0000] \"GET /api/contacts?page=1&limit=10&search=&status= HTTP/1.1\" 422 161 \"http://localhost:5174/\" \"Mozilla/5.0 (Macintosh; Intel Mac OS X 10_15_7) AppleWebKit/537.36 (KHTML, like Gecko) Chrome/148.0.0.0 Safari/537.36\"","service":"sales-dialer-api","timestamp":"2026-06-01 00:37:16"}
{"level":"http","message":"::1 - - [31/May/2026:19:07:19 +0000] \"GET /api/contacts?page=1&limit=10&search=&status=new HTTP/1.1\" 200 792 \"http://localhost:5174/\" \"Mozilla/5.0 (Macintosh; Intel Mac OS X 10_15_7) AppleWebKit/537.36 (KHTML, like Gecko) Chrome/148.0.0.0 Safari/537.36\"","service":"sales-dialer-api","timestamp":"2026-06-01 00:37:19"}
{"level":"http","message":"::1 - - [31/May/2026:19:07:20 +0000] \"GET /api/contacts?page=1&limit=10&search=&status=not_interested HTTP/1.1\" 200 188 \"http://localhost:5174/\" \"Mozilla/5.0 (Macintosh; Intel Mac OS X 10_15_7) AppleWebKit/537.36 (KHTML, like Gecko) Chrome/148.0.0.0 Safari/537.36\"","service":"sales-dialer-api","timestamp":"2026-06-01 00:37:20"}
{"level":"warn","message":"Client Error: Validation failed","method":"GET","service":"sales-dialer-api","statusCode":422,"timestamp":"2026-06-01 00:37:22","url":"/api/contacts?page=1&limit=10&search=&status="}
{"level":"http","message":"::1 - - [31/May/2026:19:07:22 +0000] \"GET /api/contacts?page=1&limit=10&search=&status= HTTP/1.1\" 422 161 \"http://localhost:5174/\" \"Mozilla/5.0 (Macintosh; Intel Mac OS X 10_15_7) AppleWebKit/537.36 (KHTML, like Gecko) Chrome/148.0.0.0 Safari/537.36\"","service":"sales-dialer-api","timestamp":"2026-06-01 00:37:22"}
{"level":"warn","message":"Client Error: Validation failed","method":"GET","service":"sales-dialer-api","statusCode":422,"timestamp":"2026-06-01 00:37:23","url":"/api/contacts?page=1&limit=10&search=&status="}
{"level":"http","message":"::1 - - [31/May/2026:19:07:23 +0000] \"GET /api/contacts?page=1&limit=10&search=&status= HTTP/1.1\" 422 161 \"http://localhost:5174/\" \"Mozilla/5.0 (Macintosh; Intel Mac OS X 10_15_7) AppleWebKit/537.36 (KHTML, like Gecko) Chrome/148.0.0.0 Safari/537.36\"","service":"sales-dialer-api","timestamp":"2026-06-01 00:37:23"}
{"level":"http","message":"::1 - - [31/May/2026:19:08:35 +0000] \"GET /api/auth/me HTTP/1.1\" 200 323 \"http://localhost:5174/\" \"Mozilla/5.0 (Macintosh; Intel Mac OS X 10_15_7) AppleWebKit/537.36 (KHTML, like Gecko) Chrome/148.0.0.0 Safari/537.36\"","service":"sales-dialer-api","timestamp":"2026-06-01 00:38:35"}
{"level":"http","message":"::1 - - [31/May/2026:19:08:35 +0000] \"GET /api/auth/me HTTP/1.1\" 200 323 \"http://localhost:5174/\" \"Mozilla/5.0 (Macintosh; Intel Mac OS X 10_15_7) AppleWebKit/537.36 (KHTML, like Gecko) Chrome/148.0.0.0 Safari/537.36\"","service":"sales-dialer-api","timestamp":"2026-06-01 00:38:35"}
{"level":"http","message":"::1 - - [31/May/2026:19:09:17 +0000] \"POST /api/contacts HTTP/1.1\" 201 387 \"http://localhost:5174/\" \"Mozilla/5.0 (Linux; Android 6.0; Nexus 5 Build/MRA58N) AppleWebKit/537.36 (KHTML, like Gecko) Chrome/148.0.0.0 Mobile Safari/537.36\"","service":"sales-dialer-api","timestamp":"2026-06-01 00:39:17"}
{"level":"warn","message":"Client Error: Validation failed","method":"GET","service":"sales-dialer-api","statusCode":422,"timestamp":"2026-06-01 00:39:17","url":"/api/contacts?page=1&limit=10&search=&status="}
{"level":"http","message":"::1 - - [31/May/2026:19:09:17 +0000] \"GET /api/contacts?page=1&limit=10&search=&status= HTTP/1.1\" 422 161 \"http://localhost:5174/\" \"Mozilla/5.0 (Linux; Android 6.0; Nexus 5 Build/MRA58N) AppleWebKit/537.36 (KHTML, like Gecko) Chrome/148.0.0.0 Mobile Safari/537.36\"","service":"sales-dialer-api","timestamp":"2026-06-01 00:39:17"}
{"level":"warn","message":"Client Error: Validation failed","method":"GET","service":"sales-dialer-api","statusCode":422,"timestamp":"2026-06-01 00:39:19","url":"/api/contacts?page=1&limit=10&search=&status="}
{"level":"http","message":"::1 - - [31/May/2026:19:09:19 +0000] \"GET /api/contacts?page=1&limit=10&search=&status= HTTP/1.1\" 422 161 \"http://localhost:5174/\" \"Mozilla/5.0 (Linux; Android 6.0; Nexus 5 Build/MRA58N) AppleWebKit/537.36 (KHTML, like Gecko) Chrome/148.0.0.0 Mobile Safari/537.36\"","service":"sales-dialer-api","timestamp":"2026-06-01 00:39:19"}
{"level":"warn","message":"Client Error: Validation failed","method":"GET","service":"sales-dialer-api","statusCode":422,"timestamp":"2026-06-01 00:41:20","url":"/api/contacts?page=1&limit=10&search=&status="}
{"level":"http","message":"::1 - - [31/May/2026:19:11:20 +0000] \"GET /api/contacts?page=1&limit=10&search=&status= HTTP/1.1\" 422 161 \"http://localhost:5174/\" \"Mozilla/5.0 (Linux; Android 6.0; Nexus 5 Build/MRA58N) AppleWebKit/537.36 (KHTML, like Gecko) Chrome/148.0.0.0 Mobile Safari/537.36\"","service":"sales-dialer-api","timestamp":"2026-06-01 00:41:20"}
{"level":"info","message":"WebSocket server initialized","service":"sales-dialer-api","timestamp":"2026-06-01 00:42:16"}
{"environment":"development","level":"info","message":"Server running on port 5001","port":"5001","service":"sales-dialer-api","timestamp":"2026-06-01 00:42:16"}
{"level":"info","message":"API Documentation available at http://localhost:5001/api/docs","service":"sales-dialer-api","timestamp":"2026-06-01 00:42:16"}
{"level":"info","message":"Database connected successfully","service":"sales-dialer-api","timestamp":"2026-06-01 00:42:16"}
{"level":"info","message":"Database models synchronized","service":"sales-dialer-api","timestamp":"2026-06-01 00:42:16"}
{"level":"info","message":"Server ready to accept connections","service":"sales-dialer-api","timestamp":"2026-06-01 00:42:16"}
{"level":"info","message":"WebSocket server initialized","service":"sales-dialer-api","timestamp":"2026-06-01 00:42:26"}
{"environment":"development","level":"info","message":"Server running on port 5001","port":"5001","service":"sales-dialer-api","timestamp":"2026-06-01 00:42:26"}
{"level":"info","message":"API Documentation available at http://localhost:5001/api/docs","service":"sales-dialer-api","timestamp":"2026-06-01 00:42:26"}
{"level":"info","message":"Database connected successfully","service":"sales-dialer-api","timestamp":"2026-06-01 00:42:26"}
{"level":"info","message":"Database models synchronized","service":"sales-dialer-api","timestamp":"2026-06-01 00:42:26"}
{"level":"info","message":"Server ready to accept connections","service":"sales-dialer-api","timestamp":"2026-06-01 00:42:26"}
{"level":"info","message":"SIGTERM received. Starting graceful shutdown...","service":"sales-dialer-api","timestamp":"2026-06-01 00:45:14"}
{"level":"info","message":"HTTP server closed","service":"sales-dialer-api","timestamp":"2026-06-01 00:45:14"}
{"level":"info","message":"Database connection closed","service":"sales-dialer-api","timestamp":"2026-06-01 00:45:14"}
{"level":"info","message":"WebSocket server initialized","service":"sales-dialer-api","timestamp":"2026-06-01 00:46:25"}
{"environment":"development","level":"info","message":"Server running on port 5001","port":"5001","service":"sales-dialer-api","timestamp":"2026-06-01 00:46:25"}
{"level":"info","message":"API Documentation available at http://localhost:5001/api/docs","service":"sales-dialer-api","timestamp":"2026-06-01 00:46:25"}
{"level":"info","message":"Database connected successfully","service":"sales-dialer-api","timestamp":"2026-06-01 00:46:25"}
{"level":"info","message":"Database models synchronized","service":"sales-dialer-api","timestamp":"2026-06-01 00:46:25"}
{"level":"info","message":"Server ready to accept connections","service":"sales-dialer-api","timestamp":"2026-06-01 00:46:25"}
{"level":"http","message":"::1 - - [31/May/2026:19:16:42 +0000] \"GET /api/health HTTP/1.1\" 200 109 \"-\" \"curl/8.7.1\"","service":"sales-dialer-api","timestamp":"2026-06-01 00:46:42"}
{"level":"warn","message":"Client Error: Access denied. No token provided.","method":"GET","service":"sales-dialer-api","statusCode":401,"timestamp":"2026-06-01 00:49:26","url":"/api/contacts?page=1&limit=10&status="}
{"level":"http","message":"::1 - - [31/May/2026:19:19:26 +0000] \"GET /api/contacts?page=1&limit=10&status= HTTP/1.1\" 401 116 \"-\" \"curl/8.7.1\"","service":"sales-dialer-api","timestamp":"2026-06-01 00:49:26"}
{"level":"warn","message":"Client Error: Access denied. No token provided.","method":"GET","service":"sales-dialer-api","statusCode":401,"timestamp":"2026-06-01 00:49:26","url":"/api/contacts?page=1&limit=10&status=new"}
{"level":"http","message":"::1 - - [31/May/2026:19:19:26 +0000] \"GET /api/contacts?page=1&limit=10&status=new HTTP/1.1\" 401 116 \"-\" \"curl/8.7.1\"","service":"sales-dialer-api","timestamp":"2026-06-01 00:49:26"}
{"level":"warn","message":"Client Error: Invalid credentials","method":"POST","service":"sales-dialer-api","statusCode":401,"timestamp":"2026-06-01 00:49:41","url":"/api/auth/login"}
{"level":"http","message":"::1 - - [31/May/2026:19:19:41 +0000] \"POST /api/auth/login HTTP/1.1\" 401 102 \"-\" \"curl/8.7.1\"","service":"sales-dialer-api","timestamp":"2026-06-01 00:49:41"}
{"level":"http","message":"::1 - - [31/May/2026:19:19:41 +0000] \"POST /api/auth/register HTTP/1.1\" 404 108 \"-\" \"curl/8.7.1\"","service":"sales-dialer-api","timestamp":"2026-06-01 00:49:41"}
{"level":"warn","message":"Client Error: Access denied. No token provided.","method":"GET","service":"sales-dialer-api","statusCode":401,"timestamp":"2026-06-01 00:49:41","url":"/api/contacts?page=1&limit=10&status="}
{"level":"http","message":"::1 - - [31/May/2026:19:19:41 +0000] \"GET /api/contacts?page=1&limit=10&status= HTTP/1.1\" 401 116 \"-\" \"curl/8.7.1\"","service":"sales-dialer-api","timestamp":"2026-06-01 00:49:41"}
{"level":"warn","message":"Client Error: Access denied. No token provided.","method":"GET","service":"sales-dialer-api","statusCode":401,"timestamp":"2026-06-01 00:49:41","url":"/api/contacts?page=1&limit=10&status=new"}
{"level":"http","message":"::1 - - [31/May/2026:19:19:41 +0000] \"GET /api/contacts?page=1&limit=10&status=new HTTP/1.1\" 401 116 \"-\" \"curl/8.7.1\"","service":"sales-dialer-api","timestamp":"2026-06-01 00:49:41"}
{"level":"http","message":"::1 - - [31/May/2026:19:20:01 +0000] \"POST /api/auth/login HTTP/1.1\" 200 578 \"-\" \"curl/8.7.1\"","service":"sales-dialer-api","timestamp":"2026-06-01 00:50:01"}
{"level":"http","message":"::1 - - [31/May/2026:19:20:01 +0000] \"GET /api/contacts?page=1&limit=10&status= HTTP/1.1\" 200 1089 \"-\" \"curl/8.7.1\"","service":"sales-dialer-api","timestamp":"2026-06-01 00:50:01"}
{"level":"http","message":"::1 - - [31/May/2026:19:20:01 +0000] \"GET /api/contacts?page=1&limit=10&status=new HTTP/1.1\" 200 1089 \"-\" \"curl/8.7.1\"","service":"sales-dialer-api","timestamp":"2026-06-01 00:50:01"}
{"ip":"::1","level":"error","message":"Server Error: SQLITE_ERROR: no such column: notes.sentiment","method":"GET","requestId":"req_1780255201668_t5a6d1lig","service":"sales-dialer-api","stack":"Error\n    at Database.<anonymous> (/Users/user/sales-dialer/backend/node_modules/sequelize/lib/dialects/sqlite/query.js:185:27)\n    at /Users/user/sales-dialer/backend/node_modules/sequelize/lib/dialects/sqlite/query.js:183:50\n    at new Promise (<anonymous>)\n    at Query.run (/Users/user/sales-dialer/backend/node_modules/sequelize/lib/dialects/sqlite/query.js:183:12)\n    at /Users/user/sales-dialer/backend/node_modules/sequelize/lib/sequelize.js:315:28\n    at process.processTicksAndRejections (node:internal/process/task_queues:103:5)\n    at async SQLiteQueryInterface.select (/Users/user/sales-dialer/backend/node_modules/sequelize/lib/dialects/abstract/query-interface.js:407:12)\n    at async Call.findAll (/Users/user/sales-dialer/backend/node_modules/sequelize/lib/model.js:1140:21)\n    at async Promise.all (index 1)\n    at async Call.findAndCountAll (/Users/user/sales-dialer/backend/node_modules/sequelize/lib/model.js:1322:27)","timestamp":"2026-06-01 00:50:01","url":"/api/calls?page=1&limit=10&contactId="}
{"level":"http","message":"::1 - - [31/May/2026:19:20:01 +0000] \"GET /api/calls?page=1&limit=10&contactId= HTTP/1.1\" 400 83 \"-\" \"curl/8.7.1\"","service":"sales-dialer-api","timestamp":"2026-06-01 00:50:01"}
{"level":"http","message":"::1 - - [31/May/2026:19:20:13 +0000] \"POST /api/auth/login HTTP/1.1\" 200 578 \"-\" \"curl/8.7.1\"","service":"sales-dialer-api","timestamp":"2026-06-01 00:50:13"}
{"level":"http","message":"::1 - - [31/May/2026:19:20:13 +0000] \"GET /api/contacts?page=1&limit=10&status= HTTP/1.1\" 200 1089 \"-\" \"curl/8.7.1\"","service":"sales-dialer-api","timestamp":"2026-06-01 00:50:13"}
{"level":"http","message":"::1 - - [31/May/2026:19:20:13 +0000] \"GET /api/contacts?page=1&limit=10&status=new HTTP/1.1\" 200 1089 \"-\" \"curl/8.7.1\"","service":"sales-dialer-api","timestamp":"2026-06-01 00:50:13"}
{"ip":"::1","level":"error","message":"Server Error: SQLITE_ERROR: no such column: notes.sentiment","method":"GET","requestId":"req_1780255213996_o3jaopnxx","service":"sales-dialer-api","stack":"Error\n    at Database.<anonymous> (/Users/user/sales-dialer/backend/node_modules/sequelize/lib/dialects/sqlite/query.js:185:27)\n    at /Users/user/sales-dialer/backend/node_modules/sequelize/lib/dialects/sqlite/query.js:183:50\n    at new Promise (<anonymous>)\n    at Query.run (/Users/user/sales-dialer/backend/node_modules/sequelize/lib/dialects/sqlite/query.js:183:12)\n    at /Users/user/sales-dialer/backend/node_modules/sequelize/lib/sequelize.js:315:28\n    at process.processTicksAndRejections (node:internal/process/task_queues:103:5)\n    at async SQLiteQueryInterface.select (/Users/user/sales-dialer/backend/node_modules/sequelize/lib/dialects/abstract/query-interface.js:407:12)\n    at async Call.findAll (/Users/user/sales-dialer/backend/node_modules/sequelize/lib/model.js:1140:21)\n    at async Promise.all (index 1)\n    at async Call.findAndCountAll (/Users/user/sales-dialer/backend/node_modules/sequelize/lib/model.js:1322:27)","timestamp":"2026-06-01 00:50:13","url":"/api/calls?page=1&limit=10&contactId="}
{"level":"http","message":"::1 - - [31/May/2026:19:20:13 +0000] \"GET /api/calls?page=1&limit=10&contactId= HTTP/1.1\" 400 83 \"-\" \"curl/8.7.1\"","service":"sales-dialer-api","timestamp":"2026-06-01 00:50:13"}
{"level":"http","message":"::1 - - [31/May/2026:19:20:24 +0000] \"POST /api/auth/login HTTP/1.1\" 200 578 \"-\" \"curl/8.7.1\"","service":"sales-dialer-api","timestamp":"2026-06-01 00:50:24"}
{"ip":"::1","level":"error","message":"Server Error: SQLITE_ERROR: no such column: notes.sentiment","method":"GET","requestId":"req_1780255224746_h8y1se4ye","service":"sales-dialer-api","stack":"Error\n    at Database.<anonymous> (/Users/user/sales-dialer/backend/node_modules/sequelize/lib/dialects/sqlite/query.js:185:27)\n    at /Users/user/sales-dialer/backend/node_modules/sequelize/lib/dialects/sqlite/query.js:183:50\n    at new Promise (<anonymous>)\n    at Query.run (/Users/user/sales-dialer/backend/node_modules/sequelize/lib/dialects/sqlite/query.js:183:12)\n    at /Users/user/sales-dialer/backend/node_modules/sequelize/lib/sequelize.js:315:28\n    at process.processTicksAndRejections (node:internal/process/task_queues:103:5)\n    at async SQLiteQueryInterface.select (/Users/user/sales-dialer/backend/node_modules/sequelize/lib/dialects/abstract/query-interface.js:407:12)\n    at async Call.findAll (/Users/user/sales-dialer/backend/node_modules/sequelize/lib/model.js:1140:21)\n    at async Promise.all (index 1)\n    at async Call.findAndCountAll (/Users/user/sales-dialer/backend/node_modules/sequelize/lib/model.js:1322:27)","timestamp":"2026-06-01 00:50:24","url":"/api/calls?page=1&limit=10&contactId="}
{"level":"http","message":"::1 - - [31/May/2026:19:20:24 +0000] \"GET /api/calls?page=1&limit=10&contactId= HTTP/1.1\" 400 83 \"-\" \"curl/8.7.1\"","service":"sales-dialer-api","timestamp":"2026-06-01 00:50:24"}
{"ip":"::1","level":"error","message":"Server Error: SQLITE_ERROR: no such column: notes.sentiment","method":"GET","requestId":"req_1780255224761_1f494q95j","service":"sales-dialer-api","stack":"Error\n    at Database.<anonymous> (/Users/user/sales-dialer/backend/node_modules/sequelize/lib/dialects/sqlite/query.js:185:27)\n    at /Users/user/sales-dialer/backend/node_modules/sequelize/lib/dialects/sqlite/query.js:183:50\n    at new Promise (<anonymous>)\n    at Query.run (/Users/user/sales-dialer/backend/node_modules/sequelize/lib/dialects/sqlite/query.js:183:12)\n    at /Users/user/sales-dialer/backend/node_modules/sequelize/lib/sequelize.js:315:28\n    at process.processTicksAndRejections (node:internal/process/task_queues:103:5)\n    at async SQLiteQueryInterface.select (/Users/user/sales-dialer/backend/node_modules/sequelize/lib/dialects/abstract/query-interface.js:407:12)\n    at async Call.findAll (/Users/user/sales-dialer/backend/node_modules/sequelize/lib/model.js:1140:21)\n    at async Promise.all (index 1)\n    at async Call.findAndCountAll (/Users/user/sales-dialer/backend/node_modules/sequelize/lib/model.js:1322:27)","timestamp":"2026-06-01 00:50:24","url":"/api/calls?page=1&limit=10"}
{"level":"http","message":"::1 - - [31/May/2026:19:20:24 +0000] \"GET /api/calls?page=1&limit=10 HTTP/1.1\" 400 83 \"-\" \"curl/8.7.1\"","service":"sales-dialer-api","timestamp":"2026-06-01 00:50:24"}
{"level":"http","message":"::1 - - [31/May/2026:19:20:47 +0000] \"GET /api/contacts?page=1&limit=10 HTTP/1.1\" 200 1089 \"http://localhost:5174/\" \"Mozilla/5.0 (Linux; Android 6.0; Nexus 5 Build/MRA58N) AppleWebKit/537.36 (KHTML, like Gecko) Chrome/148.0.0.0 Mobile Safari/537.36\"","service":"sales-dialer-api","timestamp":"2026-06-01 00:50:47"}
{"level":"http","message":"::1 - - [31/May/2026:19:21:05 +0000] \"POST /api/contacts HTTP/1.1\" 201 370 \"http://localhost:5174/\" \"Mozilla/5.0 (Linux; Android 6.0; Nexus 5 Build/MRA58N) AppleWebKit/537.36 (KHTML, like Gecko) Chrome/148.0.0.0 Mobile Safari/537.36\"","service":"sales-dialer-api","timestamp":"2026-06-01 00:51:05"}
{"level":"http","message":"::1 - - [31/May/2026:19:21:05 +0000] \"GET /api/contacts?page=1&limit=10 HTTP/1.1\" 200 1369 \"http://localhost:5174/\" \"Mozilla/5.0 (Linux; Android 6.0; Nexus 5 Build/MRA58N) AppleWebKit/537.36 (KHTML, like Gecko) Chrome/148.0.0.0 Mobile Safari/537.36\"","service":"sales-dialer-api","timestamp":"2026-06-01 00:51:05"}
{"level":"http","message":"::1 - - [31/May/2026:19:21:10 +0000] \"GET /api/auth/me HTTP/1.1\" 200 323 \"http://localhost:5174/\" \"Mozilla/5.0 (Macintosh; Intel Mac OS X 10_15_7) AppleWebKit/537.36 (KHTML, like Gecko) Chrome/148.0.0.0 Safari/537.36\"","service":"sales-dialer-api","timestamp":"2026-06-01 00:51:10"}
{"level":"http","message":"::1 - - [31/May/2026:19:21:10 +0000] \"GET /api/auth/me HTTP/1.1\" 200 323 \"http://localhost:5174/\" \"Mozilla/5.0 (Macintosh; Intel Mac OS X 10_15_7) AppleWebKit/537.36 (KHTML, like Gecko) Chrome/148.0.0.0 Safari/537.36\"","service":"sales-dialer-api","timestamp":"2026-06-01 00:51:10"}
{"level":"http","message":"::1 - - [31/May/2026:19:21:10 +0000] \"GET /api/contacts?page=1&limit=10 HTTP/1.1\" 200 1369 \"http://localhost:5174/\" \"Mozilla/5.0 (Macintosh; Intel Mac OS X 10_15_7) AppleWebKit/537.36 (KHTML, like Gecko) Chrome/148.0.0.0 Safari/537.36\"","service":"sales-dialer-api","timestamp":"2026-06-01 00:51:10"}
{"level":"http","message":"::1 - - [31/May/2026:19:21:12 +0000] \"GET /api/auth/me HTTP/1.1\" 200 323 \"http://localhost:5174/\" \"Mozilla/5.0 (Macintosh; Intel Mac OS X 10_15_7) AppleWebKit/537.36 (KHTML, like Gecko) Chrome/148.0.0.0 Safari/537.36\"","service":"sales-dialer-api","timestamp":"2026-06-01 00:51:12"}
{"level":"http","message":"::1 - - [31/May/2026:19:21:12 +0000] \"GET /api/auth/me HTTP/1.1\" 200 323 \"http://localhost:5174/\" \"Mozilla/5.0 (Macintosh; Intel Mac OS X 10_15_7) AppleWebKit/537.36 (KHTML, like Gecko) Chrome/148.0.0.0 Safari/537.36\"","service":"sales-dialer-api","timestamp":"2026-06-01 00:51:12"}
{"level":"http","message":"::1 - - [31/May/2026:19:21:12 +0000] \"GET /api/contacts?page=1&limit=10 HTTP/1.1\" 200 1369 \"http://localhost:5174/\" \"Mozilla/5.0 (Macintosh; Intel Mac OS X 10_15_7) AppleWebKit/537.36 (KHTML, like Gecko) Chrome/148.0.0.0 Safari/537.36\"","service":"sales-dialer-api","timestamp":"2026-06-01 00:51:12"}
{"level":"http","message":"::1 - - [31/May/2026:19:21:13 +0000] \"GET /api/auth/me HTTP/1.1\" 200 323 \"http://localhost:5174/\" \"Mozilla/5.0 (Macintosh; Intel Mac OS X 10_15_7) AppleWebKit/537.36 (KHTML, like Gecko) Chrome/148.0.0.0 Safari/537.36\"","service":"sales-dialer-api","timestamp":"2026-06-01 00:51:13"}
{"level":"http","message":"::1 - - [31/May/2026:19:21:13 +0000] \"GET /api/auth/me HTTP/1.1\" 200 323 \"http://localhost:5174/\" \"Mozilla/5.0 (Macintosh; Intel Mac OS X 10_15_7) AppleWebKit/537.36 (KHTML, like Gecko) Chrome/148.0.0.0 Safari/537.36\"","service":"sales-dialer-api","timestamp":"2026-06-01 00:51:13"}
{"level":"http","message":"::1 - - [31/May/2026:19:21:13 +0000] \"GET /api/contacts?page=1&limit=10 HTTP/1.1\" 200 1369 \"http://localhost:5174/\" \"Mozilla/5.0 (Macintosh; Intel Mac OS X 10_15_7) AppleWebKit/537.36 (KHTML, like Gecko) Chrome/148.0.0.0 Safari/537.36\"","service":"sales-dialer-api","timestamp":"2026-06-01 00:51:13"}
{"level":"http","message":"::1 - - [31/May/2026:19:21:13 +0000] \"GET /api/auth/me HTTP/1.1\" 200 323 \"http://localhost:5174/\" \"Mozilla/5.0 (Macintosh; Intel Mac OS X 10_15_7) AppleWebKit/537.36 (KHTML, like Gecko) Chrome/148.0.0.0 Safari/537.36\"","service":"sales-dialer-api","timestamp":"2026-06-01 00:51:13"}
{"level":"http","message":"::1 - - [31/May/2026:19:21:13 +0000] \"GET /api/auth/me HTTP/1.1\" 200 323 \"http://localhost:5174/\" \"Mozilla/5.0 (Macintosh; Intel Mac OS X 10_15_7) AppleWebKit/537.36 (KHTML, like Gecko) Chrome/148.0.0.0 Safari/537.36\"","service":"sales-dialer-api","timestamp":"2026-06-01 00:51:13"}
{"level":"http","message":"::1 - - [31/May/2026:19:21:13 +0000] \"GET /api/contacts?page=1&limit=10 HTTP/1.1\" 200 1369 \"http://localhost:5174/\" \"Mozilla/5.0 (Macintosh; Intel Mac OS X 10_15_7) AppleWebKit/537.36 (KHTML, like Gecko) Chrome/148.0.0.0 Safari/537.36\"","service":"sales-dialer-api","timestamp":"2026-06-01 00:51:13"}
{"level":"http","message":"::1 - - [31/May/2026:19:21:13 +0000] \"GET /api/auth/me HTTP/1.1\" 200 323 \"http://localhost:5174/\" \"Mozilla/5.0 (Macintosh; Intel Mac OS X 10_15_7) AppleWebKit/537.36 (KHTML, like Gecko) Chrome/148.0.0.0 Safari/537.36\"","service":"sales-dialer-api","timestamp":"2026-06-01 00:51:13"}
{"level":"http","message":"::1 - - [31/May/2026:19:21:13 +0000] \"GET /api/auth/me HTTP/1.1\" 200 323 \"http://localhost:5174/\" \"Mozilla/5.0 (Macintosh; Intel Mac OS X 10_15_7) AppleWebKit/537.36 (KHTML, like Gecko) Chrome/148.0.0.0 Safari/537.36\"","service":"sales-dialer-api","timestamp":"2026-06-01 00:51:13"}
{"level":"http","message":"::1 - - [31/May/2026:19:21:13 +0000] \"GET /api/contacts?page=1&limit=10 HTTP/1.1\" 200 1369 \"http://localhost:5174/\" \"Mozilla/5.0 (Macintosh; Intel Mac OS X 10_15_7) AppleWebKit/537.36 (KHTML, like Gecko) Chrome/148.0.0.0 Safari/537.36\"","service":"sales-dialer-api","timestamp":"2026-06-01 00:51:13"}
{"level":"http","message":"::1 - - [31/May/2026:19:21:13 +0000] \"GET /api/auth/me HTTP/1.1\" 200 323 \"http://localhost:5174/\" \"Mozilla/5.0 (Macintosh; Intel Mac OS X 10_15_7) AppleWebKit/537.36 (KHTML, like Gecko) Chrome/148.0.0.0 Safari/537.36\"","service":"sales-dialer-api","timestamp":"2026-06-01 00:51:13"}
{"level":"http","message":"::1 - - [31/May/2026:19:21:13 +0000] \"GET /api/auth/me HTTP/1.1\" 200 323 \"http://localhost:5174/\" \"Mozilla/5.0 (Macintosh; Intel Mac OS X 10_15_7) AppleWebKit/537.36 (KHTML, like Gecko) Chrome/148.0.0.0 Safari/537.36\"","service":"sales-dialer-api","timestamp":"2026-06-01 00:51:13"}
{"level":"http","message":"::1 - - [31/May/2026:19:21:13 +0000] \"GET /api/contacts?page=1&limit=10 HTTP/1.1\" 200 1369 \"http://localhost:5174/\" \"Mozilla/5.0 (Macintosh; Intel Mac OS X 10_15_7) AppleWebKit/537.36 (KHTML, like Gecko) Chrome/148.0.0.0 Safari/537.36\"","service":"sales-dialer-api","timestamp":"2026-06-01 00:51:13"}
{"level":"http","message":"::1 - - [31/May/2026:19:21:16 +0000] \"GET /api/dashboard HTTP/1.1\" 200 1330 \"http://localhost:5174/\" \"Mozilla/5.0 (Macintosh; Intel Mac OS X 10_15_7) AppleWebKit/537.36 (KHTML, like Gecko) Chrome/148.0.0.0 Safari/537.36\"","service":"sales-dialer-api","timestamp":"2026-06-01 00:51:16"}
{"level":"http","message":"::1 - - [31/May/2026:19:21:18 +0000] \"GET /api/contacts?page=1&limit=10 HTTP/1.1\" 200 1369 \"http://localhost:5174/\" \"Mozilla/5.0 (Macintosh; Intel Mac OS X 10_15_7) AppleWebKit/537.36 (KHTML, like Gecko) Chrome/148.0.0.0 Safari/537.36\"","service":"sales-dialer-api","timestamp":"2026-06-01 00:51:18"}
{"level":"http","message":"::1 - - [31/May/2026:19:21:19 +0000] \"GET /api/contacts?limit=100 HTTP/1.1\" 200 1370 \"http://localhost:5174/\" \"Mozilla/5.0 (Macintosh; Intel Mac OS X 10_15_7) AppleWebKit/537.36 (KHTML, like Gecko) Chrome/148.0.0.0 Safari/537.36\"","service":"sales-dialer-api","timestamp":"2026-06-01 00:51:19"}
{"level":"warn","message":"Client Error: Validation failed","method":"GET","service":"sales-dialer-api","statusCode":422,"timestamp":"2026-06-01 00:51:21","url":"/api/calls?page=1&limit=10&sortBy=date&order=desc"}
{"level":"http","message":"::1 - - [31/May/2026:19:21:21 +0000] \"GET /api/calls?page=1&limit=10&sortBy=date&order=desc HTTP/1.1\" 422 162 \"http://localhost:5174/\" \"Mozilla/5.0 (Macintosh; Intel Mac OS X 10_15_7) AppleWebKit/537.36 (KHTML, like Gecko) Chrome/148.0.0.0 Safari/537.36\"","service":"sales-dialer-api","timestamp":"2026-06-01 00:51:21"}
{"level":"http","message":"::1 - - [31/May/2026:19:21:21 +0000] \"GET /api/contacts?limit=100 HTTP/1.1\" 200 1370 \"http://localhost:5174/\" \"Mozilla/5.0 (Macintosh; Intel Mac OS X 10_15_7) AppleWebKit/537.36 (KHTML, like Gecko) Chrome/148.0.0.0 Safari/537.36\"","service":"sales-dialer-api","timestamp":"2026-06-01 00:51:21"}
{"level":"warn","message":"Client Error: Validation failed","method":"GET","service":"sales-dialer-api","statusCode":422,"timestamp":"2026-06-01 00:51:22","url":"/api/calls?page=1&limit=10&sortBy=date&order=desc"}
{"level":"http","message":"::1 - - [31/May/2026:19:21:22 +0000] \"GET /api/calls?page=1&limit=10&sortBy=date&order=desc HTTP/1.1\" 422 162 \"http://localhost:5174/\" \"Mozilla/5.0 (Macintosh; Intel Mac OS X 10_15_7) AppleWebKit/537.36 (KHTML, like Gecko) Chrome/148.0.0.0 Safari/537.36\"","service":"sales-dialer-api","timestamp":"2026-06-01 00:51:22"}
{"level":"http","message":"::1 - - [31/May/2026:19:21:23 +0000] \"GET /api/contacts?page=1&limit=10 HTTP/1.1\" 200 1369 \"http://localhost:5174/\" \"Mozilla/5.0 (Macintosh; Intel Mac OS X 10_15_7) AppleWebKit/537.36 (KHTML, like Gecko) Chrome/148.0.0.0 Safari/537.36\"","service":"sales-dialer-api","timestamp":"2026-06-01 00:51:23"}
{"level":"http","message":"::1 - - [31/May/2026:19:21:31 +0000] \"POST /api/contacts HTTP/1.1\" 201 390 \"http://localhost:5174/\" \"Mozilla/5.0 (Macintosh; Intel Mac OS X 10_15_7) AppleWebKit/537.36 (KHTML, like Gecko) Chrome/148.0.0.0 Safari/537.36\"","service":"sales-dialer-api","timestamp":"2026-06-01 00:51:31"}
{"level":"http","message":"::1 - - [31/May/2026:19:21:31 +0000] \"GET /api/contacts?page=1&limit=10 HTTP/1.1\" 200 1669 \"http://localhost:5174/\" \"Mozilla/5.0 (Macintosh; Intel Mac OS X 10_15_7) AppleWebKit/537.36 (KHTML, like Gecko) Chrome/148.0.0.0 Safari/537.36\"","service":"sales-dialer-api","timestamp":"2026-06-01 00:51:31"}
{"level":"info","message":"WebSocket server initialized","service":"sales-dialer-api","timestamp":"2026-06-01 00:51:59"}
{"environment":"development","level":"info","message":"Server running on port 5001","port":"5001","service":"sales-dialer-api","timestamp":"2026-06-01 00:51:59"}
{"level":"info","message":"API Documentation available at http://localhost:5001/api/docs","service":"sales-dialer-api","timestamp":"2026-06-01 00:51:59"}
{"level":"info","message":"Database connected successfully","service":"sales-dialer-api","timestamp":"2026-06-01 00:51:59"}
{"level":"info","message":"Database models synchronized","service":"sales-dialer-api","timestamp":"2026-06-01 00:51:59"}
{"level":"info","message":"Server ready to accept connections","service":"sales-dialer-api","timestamp":"2026-06-01 00:51:59"}
{"level":"http","message":"::1 - - [31/May/2026:19:22:01 +0000] \"GET /api/auth/me HTTP/1.1\" 200 323 \"http://localhost:5174/\" \"Mozilla/5.0 (Macintosh; Intel Mac OS X 10_15_7) AppleWebKit/537.36 (KHTML, like Gecko) Chrome/148.0.0.0 Safari/537.36\"","service":"sales-dialer-api","timestamp":"2026-06-01 00:52:01"}
{"level":"http","message":"::1 - - [31/May/2026:19:22:01 +0000] \"GET /api/auth/me HTTP/1.1\" 200 323 \"http://localhost:5174/\" \"Mozilla/5.0 (Macintosh; Intel Mac OS X 10_15_7) AppleWebKit/537.36 (KHTML, like Gecko) Chrome/148.0.0.0 Safari/537.36\"","service":"sales-dialer-api","timestamp":"2026-06-01 00:52:01"}
{"level":"http","message":"::1 - - [31/May/2026:19:22:01 +0000] \"GET /api/contacts?page=1&limit=10 HTTP/1.1\" 200 1669 \"http://localhost:5174/\" \"Mozilla/5.0 (Macintosh; Intel Mac OS X 10_15_7) AppleWebKit/537.36 (KHTML, like Gecko) Chrome/148.0.0.0 Safari/537.36\"","service":"sales-dialer-api","timestamp":"2026-06-01 00:52:01"}
{"level":"http","message":"::1 - - [31/May/2026:19:22:02 +0000] \"GET /api/auth/me HTTP/1.1\" 200 323 \"http://localhost:5174/\" \"Mozilla/5.0 (Macintosh; Intel Mac OS X 10_15_7) AppleWebKit/537.36 (KHTML, like Gecko) Chrome/148.0.0.0 Safari/537.36\"","service":"sales-dialer-api","timestamp":"2026-06-01 00:52:02"}
{"level":"http","message":"::1 - - [31/May/2026:19:22:02 +0000] \"GET /api/auth/me HTTP/1.1\" 200 323 \"http://localhost:5174/\" \"Mozilla/5.0 (Macintosh; Intel Mac OS X 10_15_7) AppleWebKit/537.36 (KHTML, like Gecko) Chrome/148.0.0.0 Safari/537.36\"","service":"sales-dialer-api","timestamp":"2026-06-01 00:52:02"}
{"level":"http","message":"::1 - - [31/May/2026:19:22:02 +0000] \"GET /api/contacts?page=1&limit=10 HTTP/1.1\" 200 1669 \"http://localhost:5174/\" \"Mozilla/5.0 (Macintosh; Intel Mac OS X 10_15_7) AppleWebKit/537.36 (KHTML, like Gecko) Chrome/148.0.0.0 Safari/537.36\"","service":"sales-dialer-api","timestamp":"2026-06-01 00:52:03"}
{"level":"http","message":"::1 - - [31/May/2026:19:22:03 +0000] \"GET /api/auth/me HTTP/1.1\" 200 323 \"http://localhost:5174/\" \"Mozilla/5.0 (Macintosh; Intel Mac OS X 10_15_7) AppleWebKit/537.36 (KHTML, like Gecko) Chrome/148.0.0.0 Safari/537.36\"","service":"sales-dialer-api","timestamp":"2026-06-01 00:52:03"}
{"level":"http","message":"::1 - - [31/May/2026:19:22:03 +0000] \"GET /api/auth/me HTTP/1.1\" 200 323 \"http://localhost:5174/\" \"Mozilla/5.0 (Macintosh; Intel Mac OS X 10_15_7) AppleWebKit/537.36 (KHTML, like Gecko) Chrome/148.0.0.0 Safari/537.36\"","service":"sales-dialer-api","timestamp":"2026-06-01 00:52:03"}
{"level":"http","message":"::1 - - [31/May/2026:19:22:03 +0000] \"GET /api/contacts?page=1&limit=10 HTTP/1.1\" 200 1669 \"http://localhost:5174/\" \"Mozilla/5.0 (Macintosh; Intel Mac OS X 10_15_7) AppleWebKit/537.36 (KHTML, like Gecko) Chrome/148.0.0.0 Safari/537.36\"","service":"sales-dialer-api","timestamp":"2026-06-01 00:52:03"}
{"level":"http","message":"::1 - - [31/May/2026:19:22:03 +0000] \"GET /api/auth/me HTTP/1.1\" 200 323 \"http://localhost:5174/\" \"Mozilla/5.0 (Macintosh; Intel Mac OS X 10_15_7) AppleWebKit/537.36 (KHTML, like Gecko) Chrome/148.0.0.0 Safari/537.36\"","service":"sales-dialer-api","timestamp":"2026-06-01 00:52:03"}
{"level":"http","message":"::1 - - [31/May/2026:19:22:03 +0000] \"GET /api/auth/me HTTP/1.1\" 200 323 \"http://localhost:5174/\" \"Mozilla/5.0 (Macintosh; Intel Mac OS X 10_15_7) AppleWebKit/537.36 (KHTML, like Gecko) Chrome/148.0.0.0 Safari/537.36\"","service":"sales-dialer-api","timestamp":"2026-06-01 00:52:03"}
{"level":"http","message":"::1 - - [31/May/2026:19:22:03 +0000] \"GET /api/contacts?page=1&limit=10 HTTP/1.1\" 200 1669 \"http://localhost:5174/\" \"Mozilla/5.0 (Macintosh; Intel Mac OS X 10_15_7) AppleWebKit/537.36 (KHTML, like Gecko) Chrome/148.0.0.0 Safari/537.36\"","service":"sales-dialer-api","timestamp":"2026-06-01 00:52:03"}
{"level":"http","message":"::1 - - [31/May/2026:19:22:03 +0000] \"GET /api/auth/me HTTP/1.1\" 200 323 \"http://localhost:5174/\" \"Mozilla/5.0 (Macintosh; Intel Mac OS X 10_15_7) AppleWebKit/537.36 (KHTML, like Gecko) Chrome/148.0.0.0 Safari/537.36\"","service":"sales-dialer-api","timestamp":"2026-06-01 00:52:03"}
{"level":"http","message":"::1 - - [31/May/2026:19:22:03 +0000] \"GET /api/auth/me HTTP/1.1\" 200 323 \"http://localhost:5174/\" \"Mozilla/5.0 (Macintosh; Intel Mac OS X 10_15_7) AppleWebKit/537.36 (KHTML, like Gecko) Chrome/148.0.0.0 Safari/537.36\"","service":"sales-dialer-api","timestamp":"2026-06-01 00:52:03"}
{"level":"http","message":"::1 - - [31/May/2026:19:22:03 +0000] \"GET /api/contacts?page=1&limit=10 HTTP/1.1\" 200 1669 \"http://localhost:5174/\" \"Mozilla/5.0 (Macintosh; Intel Mac OS X 10_15_7) AppleWebKit/537.36 (KHTML, like Gecko) Chrome/148.0.0.0 Safari/537.36\"","service":"sales-dialer-api","timestamp":"2026-06-01 00:52:03"}
{"level":"info","message":"SIGINT received. Starting graceful shutdown...","service":"sales-dialer-api","timestamp":"2026-06-01 00:53:58"}
{"level":"info","message":"HTTP server closed","service":"sales-dialer-api","timestamp":"2026-06-01 00:53:58"}
{"level":"info","message":"Database connection closed","service":"sales-dialer-api","timestamp":"2026-06-01 00:53:58"}
{"level":"info","message":"WebSocket server initialized","service":"sales-dialer-api","timestamp":"2026-06-01 00:58:06"}
{"environment":"development","level":"info","message":"Server running on port 5001","port":"5001","service":"sales-dialer-api","timestamp":"2026-06-01 00:58:06"}
{"level":"info","message":"API Documentation available at http://localhost:5001/api/docs","service":"sales-dialer-api","timestamp":"2026-06-01 00:58:06"}
{"level":"info","message":"Database connected successfully","service":"sales-dialer-api","timestamp":"2026-06-01 00:58:06"}
{"level":"info","message":"Database models synchronized","service":"sales-dialer-api","timestamp":"2026-06-01 00:58:06"}
{"level":"info","message":"Server ready to accept connections","service":"sales-dialer-api","timestamp":"2026-06-01 00:58:06"}
{"level":"info","message":"WebSocket server initialized","service":"sales-dialer-api","timestamp":"2026-06-01 00:58:55"}
{"environment":"development","level":"info","message":"Server running on port 5001","port":"5001","service":"sales-dialer-api","timestamp":"2026-06-01 00:58:55"}
{"level":"info","message":"API Documentation available at http://localhost:5001/api/docs","service":"sales-dialer-api","timestamp":"2026-06-01 00:58:55"}
{"level":"info","message":"Database connected successfully","service":"sales-dialer-api","timestamp":"2026-06-01 00:58:55"}
{"level":"info","message":"Database models synchronized","service":"sales-dialer-api","timestamp":"2026-06-01 00:58:55"}
{"level":"info","message":"Server ready to accept connections","service":"sales-dialer-api","timestamp":"2026-06-01 00:58:55"}
{"level":"info","message":"WebSocket server initialized","service":"sales-dialer-api","timestamp":"2026-06-01 00:58:59"}
{"environment":"development","level":"info","message":"Server running on port 5001","port":"5001","service":"sales-dialer-api","timestamp":"2026-06-01 00:58:59"}
{"level":"info","message":"API Documentation available at http://localhost:5001/api/docs","service":"sales-dialer-api","timestamp":"2026-06-01 00:58:59"}
{"level":"info","message":"Database connected successfully","service":"sales-dialer-api","timestamp":"2026-06-01 00:58:59"}
{"level":"info","message":"Database models synchronized","service":"sales-dialer-api","timestamp":"2026-06-01 00:58:59"}
{"level":"info","message":"Server ready to accept connections","service":"sales-dialer-api","timestamp":"2026-06-01 00:58:59"}
{"level":"info","message":"WebSocket server initialized","service":"sales-dialer-api","timestamp":"2026-06-01 00:59:39"}
{"environment":"development","level":"info","message":"Server running on port 5001","port":"5001","service":"sales-dialer-api","timestamp":"2026-06-01 00:59:39"}
{"level":"info","message":"API Documentation available at http://localhost:5001/api/docs","service":"sales-dialer-api","timestamp":"2026-06-01 00:59:39"}
{"level":"info","message":"Database connected successfully","service":"sales-dialer-api","timestamp":"2026-06-01 00:59:39"}
{"level":"info","message":"Database models synchronized","service":"sales-dialer-api","timestamp":"2026-06-01 00:59:39"}
{"level":"info","message":"Server ready to accept connections","service":"sales-dialer-api","timestamp":"2026-06-01 00:59:39"}
{"level":"http","message":"::1 - - [31/May/2026:19:29:51 +0000] \"GET /api/auth/me HTTP/1.1\" 200 323 \"http://localhost:5174/\" \"Mozilla/5.0 (Macintosh; Intel Mac OS X 10_15_7) AppleWebKit/537.36 (KHTML, like Gecko) Chrome/148.0.0.0 Safari/537.36\"","service":"sales-dialer-api","timestamp":"2026-06-01 00:59:51"}
{"level":"http","message":"::1 - - [31/May/2026:19:29:51 +0000] \"GET /api/auth/me HTTP/1.1\" 200 323 \"http://localhost:5174/\" \"Mozilla/5.0 (Macintosh; Intel Mac OS X 10_15_7) AppleWebKit/537.36 (KHTML, like Gecko) Chrome/148.0.0.0 Safari/537.36\"","service":"sales-dialer-api","timestamp":"2026-06-01 00:59:51"}
{"level":"http","message":"::1 - - [31/May/2026:19:29:51 +0000] \"GET /api/dashboard HTTP/1.1\" 200 1330 \"http://localhost:5174/\" \"Mozilla/5.0 (Macintosh; Intel Mac OS X 10_15_7) AppleWebKit/537.36 (KHTML, like Gecko) Chrome/148.0.0.0 Safari/537.36\"","service":"sales-dialer-api","timestamp":"2026-06-01 00:59:51"}
{"level":"http","message":"::1 - - [31/May/2026:19:29:53 +0000] \"GET /api/contacts?page=1&limit=10 HTTP/1.1\" 200 1669 \"http://localhost:5174/\" \"Mozilla/5.0 (Macintosh; Intel Mac OS X 10_15_7) AppleWebKit/537.36 (KHTML, like Gecko) Chrome/148.0.0.0 Safari/537.36\"","service":"sales-dialer-api","timestamp":"2026-06-01 00:59:53"}
{"level":"http","message":"::1 - - [31/May/2026:19:29:57 +0000] \"GET /api/contacts?page=1&limit=10&search=k HTTP/1.1\" 200 1369 \"http://localhost:5174/\" \"Mozilla/5.0 (Macintosh; Intel Mac OS X 10_15_7) AppleWebKit/537.36 (KHTML, like Gecko) Chrome/148.0.0.0 Safari/537.36\"","service":"sales-dialer-api","timestamp":"2026-06-01 00:59:57"}
{"level":"http","message":"::1 - - [31/May/2026:19:30:07 +0000] \"POST /api/contacts HTTP/1.1\" 201 385 \"http://localhost:5174/\" \"Mozilla/5.0 (Macintosh; Intel Mac OS X 10_15_7) AppleWebKit/537.36 (KHTML, like Gecko) Chrome/148.0.0.0 Safari/537.36\"","service":"sales-dialer-api","timestamp":"2026-06-01 01:00:07"}
{"level":"http","message":"::1 - - [31/May/2026:19:30:07 +0000] \"GET /api/contacts?page=1&limit=10&search=k HTTP/1.1\" 200 1664 \"http://localhost:5174/\" \"Mozilla/5.0 (Macintosh; Intel Mac OS X 10_15_7) AppleWebKit/537.36 (KHTML, like Gecko) Chrome/148.0.0.0 Safari/537.36\"","service":"sales-dialer-api","timestamp":"2026-06-01 01:00:07"}
{"level":"http","message":"::1 - - [31/May/2026:19:30:09 +0000] \"GET /api/contacts?limit=100 HTTP/1.1\" 200 1965 \"http://localhost:5174/\" \"Mozilla/5.0 (Macintosh; Intel Mac OS X 10_15_7) AppleWebKit/537.36 (KHTML, like Gecko) Chrome/148.0.0.0 Safari/537.36\"","service":"sales-dialer-api","timestamp":"2026-06-01 01:00:09"}
{"level":"http","message":"::1 - - [31/May/2026:19:30:51 +0000] \"GET /api/contacts?page=1&limit=10 HTTP/1.1\" 200 1964 \"http://localhost:5174/\" \"Mozilla/5.0 (Macintosh; Intel Mac OS X 10_15_7) AppleWebKit/537.36 (KHTML, like Gecko) Chrome/148.0.0.0 Safari/537.36\"","service":"sales-dialer-api","timestamp":"2026-06-01 01:00:51"}
{"level":"http","message":"::1 - - [31/May/2026:19:31:11 +0000] \"POST /api/contacts HTTP/1.1\" 201 373 \"http://localhost:5174/\" \"Mozilla/5.0 (Linux; Android 6.0; Nexus 5 Build/MRA58N) AppleWebKit/537.36 (KHTML, like Gecko) Chrome/148.0.0.0 Mobile Safari/537.36\"","service":"sales-dialer-api","timestamp":"2026-06-01 01:01:11"}
{"level":"http","message":"::1 - - [31/May/2026:19:31:12 +0000] \"GET /api/contacts?page=1&limit=10 HTTP/1.1\" 200 2247 \"http://localhost:5174/\" \"Mozilla/5.0 (Linux; Android 6.0; Nexus 5 Build/MRA58N) AppleWebKit/537.36 (KHTML, like Gecko) Chrome/148.0.0.0 Mobile Safari/537.36\"","service":"sales-dialer-api","timestamp":"2026-06-01 01:01:12"}
{"level":"info","message":"SIGINT received. Starting graceful shutdown...","service":"sales-dialer-api","timestamp":"2026-06-01 01:02:11"}
{"level":"info","message":"HTTP server closed","service":"sales-dialer-api","timestamp":"2026-06-01 01:02:11"}
{"level":"info","message":"Database connection closed","service":"sales-dialer-api","timestamp":"2026-06-01 01:02:11"}
{"level":"info","message":"WebSocket server initialized","service":"sales-dialer-api","timestamp":"2026-06-01 01:05:55"}
{"environment":"development","level":"info","message":"Server running on port 5001","port":"5001","service":"sales-dialer-api","timestamp":"2026-06-01 01:05:55"}
{"level":"info","message":"API Documentation available at http://localhost:5001/api/docs","service":"sales-dialer-api","timestamp":"2026-06-01 01:05:55"}
{"level":"info","message":"Database connected successfully","service":"sales-dialer-api","timestamp":"2026-06-01 01:05:55"}
{"level":"info","message":"Database models synchronized","service":"sales-dialer-api","timestamp":"2026-06-01 01:05:55"}
{"level":"info","message":"Server ready to accept connections","service":"sales-dialer-api","timestamp":"2026-06-01 01:05:55"}
{"level":"http","message":"::1 - - [31/May/2026:19:36:01 +0000] \"GET /api/auth/me HTTP/1.1\" 200 323 \"http://localhost:5174/\" \"Mozilla/5.0 (Macintosh; Intel Mac OS X 10_15_7) AppleWebKit/537.36 (KHTML, like Gecko) Chrome/148.0.0.0 Safari/537.36\"","service":"sales-dialer-api","timestamp":"2026-06-01 01:06:01"}
{"level":"http","message":"::1 - - [31/May/2026:19:36:01 +0000] \"GET /api/auth/me HTTP/1.1\" 200 323 \"http://localhost:5174/\" \"Mozilla/5.0 (Macintosh; Intel Mac OS X 10_15_7) AppleWebKit/537.36 (KHTML, like Gecko) Chrome/148.0.0.0 Safari/537.36\"","service":"sales-dialer-api","timestamp":"2026-06-01 01:06:01"}
{"level":"http","message":"::1 - - [31/May/2026:19:36:01 +0000] \"GET /api/dashboard HTTP/1.1\" 200 1330 \"http://localhost:5174/\" \"Mozilla/5.0 (Macintosh; Intel Mac OS X 10_15_7) AppleWebKit/537.36 (KHTML, like Gecko) Chrome/148.0.0.0 Safari/537.36\"","service":"sales-dialer-api","timestamp":"2026-06-01 01:06:01"}
{"level":"http","message":"::1 - - [31/May/2026:19:36:03 +0000] \"GET /api/contacts?page=1&limit=10 HTTP/1.1\" 200 2247 \"http://localhost:5174/\" \"Mozilla/5.0 (Macintosh; Intel Mac OS X 10_15_7) AppleWebKit/537.36 (KHTML, like Gecko) Chrome/148.0.0.0 Safari/537.36\"","service":"sales-dialer-api","timestamp":"2026-06-01 01:06:03"}
{"level":"http","message":"::1 - - [31/May/2026:19:36:04 +0000] \"GET /api/contacts?limit=100 HTTP/1.1\" 200 2248 \"http://localhost:5174/\" \"Mozilla/5.0 (Macintosh; Intel Mac OS X 10_15_7) AppleWebKit/537.36 (KHTML, like Gecko) Chrome/148.0.0.0 Safari/537.36\"","service":"sales-dialer-api","timestamp":"2026-06-01 01:06:04"}
{"level":"warn","message":"Client Error: Validation failed","method":"GET","service":"sales-dialer-api","statusCode":422,"timestamp":"2026-06-01 01:06:18","url":"/api/calls?page=1&limit=10&sortBy=date&order=desc"}
{"level":"http","message":"::1 - - [31/May/2026:19:36:18 +0000] \"GET /api/calls?page=1&limit=10&sortBy=date&order=desc HTTP/1.1\" 422 162 \"http://localhost:5174/\" \"Mozilla/5.0 (Macintosh; Intel Mac OS X 10_15_7) AppleWebKit/537.36 (KHTML, like Gecko) Chrome/148.0.0.0 Safari/537.36\"","service":"sales-dialer-api","timestamp":"2026-06-01 01:06:18"}
{"level":"http","message":"::1 - - [31/May/2026:19:36:18 +0000] \"GET /api/contacts?limit=100 HTTP/1.1\" 200 2248 \"http://localhost:5174/\" \"Mozilla/5.0 (Macintosh; Intel Mac OS X 10_15_7) AppleWebKit/537.36 (KHTML, like Gecko) Chrome/148.0.0.0 Safari/537.36\"","service":"sales-dialer-api","timestamp":"2026-06-01 01:06:18"}
{"level":"warn","message":"Client Error: Validation failed","method":"GET","service":"sales-dialer-api","statusCode":422,"timestamp":"2026-06-01 01:06:19","url":"/api/calls?page=1&limit=10&sortBy=date&order=desc"}
{"level":"http","message":"::1 - - [31/May/2026:19:36:19 +0000] \"GET /api/calls?page=1&limit=10&sortBy=date&order=desc HTTP/1.1\" 422 162 \"http://localhost:5174/\" \"Mozilla/5.0 (Macintosh; Intel Mac OS X 10_15_7) AppleWebKit/537.36 (KHTML, like Gecko) Chrome/148.0.0.0 Safari/537.36\"","service":"sales-dialer-api","timestamp":"2026-06-01 01:06:19"}
{"level":"http","message":"::1 - - [31/May/2026:19:36:27 +0000] \"GET /api/contacts?page=1&limit=10 HTTP/1.1\" 200 2247 \"http://localhost:5174/\" \"Mozilla/5.0 (Macintosh; Intel Mac OS X 10_15_7) AppleWebKit/537.36 (KHTML, like Gecko) Chrome/148.0.0.0 Safari/537.36\"","service":"sales-dialer-api","timestamp":"2026-06-01 01:06:27"}
{"level":"http","message":"::1 - - [31/May/2026:19:36:32 +0000] \"GET /api/dashboard HTTP/1.1\" 200 1330 \"http://localhost:5174/\" \"Mozilla/5.0 (Macintosh; Intel Mac OS X 10_15_7) AppleWebKit/537.36 (KHTML, like Gecko) Chrome/148.0.0.0 Safari/537.36\"","service":"sales-dialer-api","timestamp":"2026-06-01 01:06:32"}
{"level":"http","message":"::1 - - [31/May/2026:19:36:34 +0000] \"GET /api/contacts?limit=100 HTTP/1.1\" 200 2248 \"http://localhost:5174/\" \"Mozilla/5.0 (Macintosh; Intel Mac OS X 10_15_7) AppleWebKit/537.36 (KHTML, like Gecko) Chrome/148.0.0.0 Safari/537.36\"","service":"sales-dialer-api","timestamp":"2026-06-01 01:06:34"}
{"level":"http","message":"::1 - - [31/May/2026:19:39:31 +0000] \"GET /api/contacts?limit=100 HTTP/1.1\" 200 2248 \"http://localhost:5174/\" \"Mozilla/5.0 (Macintosh; Intel Mac OS X 10_15_7) AppleWebKit/537.36 (KHTML, like Gecko) Chrome/148.0.0.0 Safari/537.36\"","service":"sales-dialer-api","timestamp":"2026-06-01 01:09:31"}
{"level":"http","message":"::1 - - [31/May/2026:19:39:38 +0000] \"GET /api/contacts?limit=100 HTTP/1.1\" 200 2248 \"http://localhost:5174/\" \"Mozilla/5.0 (Macintosh; Intel Mac OS X 10_15_7) AppleWebKit/537.36 (KHTML, like Gecko) Chrome/148.0.0.0 Safari/537.36\"","service":"sales-dialer-api","timestamp":"2026-06-01 01:09:38"}
{"level":"http","message":"::1 - - [31/May/2026:19:41:59 +0000] \"GET /api/auth/me HTTP/1.1\" 200 323 \"http://localhost:5174/\" \"Mozilla/5.0 (Macintosh; Intel Mac OS X 10_15_7) AppleWebKit/537.36 (KHTML, like Gecko) Chrome/148.0.0.0 Safari/537.36\"","service":"sales-dialer-api","timestamp":"2026-06-01 01:11:59"}
{"level":"http","message":"::1 - - [31/May/2026:19:41:59 +0000] \"GET /api/auth/me HTTP/1.1\" 200 323 \"http://localhost:5174/\" \"Mozilla/5.0 (Macintosh; Intel Mac OS X 10_15_7) AppleWebKit/537.36 (KHTML, like Gecko) Chrome/148.0.0.0 Safari/537.36\"","service":"sales-dialer-api","timestamp":"2026-06-01 01:11:59"}
{"level":"http","message":"::1 - - [31/May/2026:19:41:59 +0000] \"GET /api/contacts?limit=100 HTTP/1.1\" 200 2248 \"http://localhost:5174/\" \"Mozilla/5.0 (Macintosh; Intel Mac OS X 10_15_7) AppleWebKit/537.36 (KHTML, like Gecko) Chrome/148.0.0.0 Safari/537.36\"","service":"sales-dialer-api","timestamp":"2026-06-01 01:11:59"}
{"level":"warn","message":"Client Error: Validation failed","method":"GET","service":"sales-dialer-api","statusCode":422,"timestamp":"2026-06-01 01:12:02","url":"/api/calls?page=1&limit=10&sortBy=date&order=desc"}
{"level":"http","message":"::1 - - [31/May/2026:19:42:02 +0000] \"GET /api/calls?page=1&limit=10&sortBy=date&order=desc HTTP/1.1\" 422 162 \"http://localhost:5174/\" \"Mozilla/5.0 (Macintosh; Intel Mac OS X 10_15_7) AppleWebKit/537.36 (KHTML, like Gecko) Chrome/148.0.0.0 Safari/537.36\"","service":"sales-dialer-api","timestamp":"2026-06-01 01:12:02"}
{"level":"http","message":"::1 - - [31/May/2026:19:42:02 +0000] \"GET /api/contacts?limit=100 HTTP/1.1\" 200 2248 \"http://localhost:5174/\" \"Mozilla/5.0 (Macintosh; Intel Mac OS X 10_15_7) AppleWebKit/537.36 (KHTML, like Gecko) Chrome/148.0.0.0 Safari/537.36\"","service":"sales-dialer-api","timestamp":"2026-06-01 01:12:02"}
{"level":"http","message":"::1 - - [31/May/2026:19:42:02 +0000] \"GET /api/contacts?page=1&limit=10 HTTP/1.1\" 200 2247 \"http://localhost:5174/\" \"Mozilla/5.0 (Macintosh; Intel Mac OS X 10_15_7) AppleWebKit/537.36 (KHTML, like Gecko) Chrome/148.0.0.0 Safari/537.36\"","service":"sales-dialer-api","timestamp":"2026-06-01 01:12:02"}
{"level":"warn","message":"Client Error: Validation failed","method":"GET","service":"sales-dialer-api","statusCode":422,"timestamp":"2026-06-01 01:12:04","url":"/api/calls?page=1&limit=10&sortBy=date&order=desc"}
{"level":"http","message":"::1 - - [31/May/2026:19:42:04 +0000] \"GET /api/calls?page=1&limit=10&sortBy=date&order=desc HTTP/1.1\" 422 162 \"http://localhost:5174/\" \"Mozilla/5.0 (Macintosh; Intel Mac OS X 10_15_7) AppleWebKit/537.36 (KHTML, like Gecko) Chrome/148.0.0.0 Safari/537.36\"","service":"sales-dialer-api","timestamp":"2026-06-01 01:12:04"}
{"level":"http","message":"::1 - - [31/May/2026:19:42:04 +0000] \"GET /api/contacts?limit=100 HTTP/1.1\" 200 2248 \"http://localhost:5174/\" \"Mozilla/5.0 (Macintosh; Intel Mac OS X 10_15_7) AppleWebKit/537.36 (KHTML, like Gecko) Chrome/148.0.0.0 Safari/537.36\"","service":"sales-dialer-api","timestamp":"2026-06-01 01:12:04"}
{"level":"warn","message":"Client Error: Validation failed","method":"GET","service":"sales-dialer-api","statusCode":422,"timestamp":"2026-06-01 01:12:05","url":"/api/calls?page=1&limit=10&sortBy=date&order=desc"}
{"level":"http","message":"::1 - - [31/May/2026:19:42:05 +0000] \"GET /api/calls?page=1&limit=10&sortBy=date&order=desc HTTP/1.1\" 422 162 \"http://localhost:5174/\" \"Mozilla/5.0 (Macintosh; Intel Mac OS X 10_15_7) AppleWebKit/537.36 (KHTML, like Gecko) Chrome/148.0.0.0 Safari/537.36\"","service":"sales-dialer-api","timestamp":"2026-06-01 01:12:05"}
{"level":"http","message":"::1 - - [31/May/2026:19:42:05 +0000] \"GET /api/contacts?limit=100 HTTP/1.1\" 200 2248 \"http://localhost:5174/\" \"Mozilla/5.0 (Macintosh; Intel Mac OS X 10_15_7) AppleWebKit/537.36 (KHTML, like Gecko) Chrome/148.0.0.0 Safari/537.36\"","service":"sales-dialer-api","timestamp":"2026-06-01 01:12:05"}
{"level":"http","message":"::1 - - [31/May/2026:19:42:07 +0000] \"GET /api/contacts?page=1&limit=10 HTTP/1.1\" 200 2247 \"http://localhost:5174/\" \"Mozilla/5.0 (Macintosh; Intel Mac OS X 10_15_7) AppleWebKit/537.36 (KHTML, like Gecko) Chrome/148.0.0.0 Safari/537.36\"","service":"sales-dialer-api","timestamp":"2026-06-01 01:12:07"}
{"level":"http","message":"::1 - - [31/May/2026:19:42:08 +0000] \"GET /api/dashboard HTTP/1.1\" 200 1330 \"http://localhost:5174/\" \"Mozilla/5.0 (Macintosh; Intel Mac OS X 10_15_7) AppleWebKit/537.36 (KHTML, like Gecko) Chrome/148.0.0.0 Safari/537.36\"","service":"sales-dialer-api","timestamp":"2026-06-01 01:12:08"}
{"level":"http","message":"::1 - - [31/May/2026:19:42:14 +0000] \"GET /api/contacts?page=1&limit=10 HTTP/1.1\" 200 2247 \"http://localhost:5174/\" \"Mozilla/5.0 (Macintosh; Intel Mac OS X 10_15_7) AppleWebKit/537.36 (KHTML, like Gecko) Chrome/148.0.0.0 Safari/537.36\"","service":"sales-dialer-api","timestamp":"2026-06-01 01:12:14"}
{"level":"http","message":"::1 - - [31/May/2026:19:42:17 +0000] \"GET /api/contacts?limit=100 HTTP/1.1\" 200 2248 \"http://localhost:5174/\" \"Mozilla/5.0 (Macintosh; Intel Mac OS X 10_15_7) AppleWebKit/537.36 (KHTML, like Gecko) Chrome/148.0.0.0 Safari/537.36\"","service":"sales-dialer-api","timestamp":"2026-06-01 01:12:17"}
{"level":"info","message":"SIGINT received. Starting graceful shutdown...","service":"sales-dialer-api","timestamp":"2026-06-01 01:13:08"}
{"level":"info","message":"HTTP server closed","service":"sales-dialer-api","timestamp":"2026-06-01 01:13:08"}
{"level":"info","message":"Database connection closed","service":"sales-dialer-api","timestamp":"2026-06-01 01:13:08"}
{"level":"info","message":"WebSocket server initialized","service":"sales-dialer-api","timestamp":"2026-06-01 01:15:02"}
{"environment":"development","level":"info","message":"Server running on port 5001","port":"5001","service":"sales-dialer-api","timestamp":"2026-06-01 01:15:02"}
{"level":"info","message":"API Documentation available at http://localhost:5001/api/docs","service":"sales-dialer-api","timestamp":"2026-06-01 01:15:02"}
{"level":"info","message":"Database connected successfully","service":"sales-dialer-api","timestamp":"2026-06-01 01:15:02"}
{"level":"info","message":"Database models synchronized","service":"sales-dialer-api","timestamp":"2026-06-01 01:15:02"}
{"level":"info","message":"Server ready to accept connections","service":"sales-dialer-api","timestamp":"2026-06-01 01:15:02"}
{"level":"http","message":"::1 - - [31/May/2026:19:45:11 +0000] \"GET /api/auth/me HTTP/1.1\" 200 323 \"http://localhost:5174/\" \"Mozilla/5.0 (Macintosh; Intel Mac OS X 10_15_7) AppleWebKit/537.36 (KHTML, like Gecko) Chrome/148.0.0.0 Safari/537.36\"","service":"sales-dialer-api","timestamp":"2026-06-01 01:15:11"}
{"level":"http","message":"::1 - - [31/May/2026:19:45:11 +0000] \"GET /api/auth/me HTTP/1.1\" 200 323 \"http://localhost:5174/\" \"Mozilla/5.0 (Macintosh; Intel Mac OS X 10_15_7) AppleWebKit/537.36 (KHTML, like Gecko) Chrome/148.0.0.0 Safari/537.36\"","service":"sales-dialer-api","timestamp":"2026-06-01 01:15:11"}
{"level":"http","message":"::1 - - [31/May/2026:19:45:11 +0000] \"GET /api/dashboard HTTP/1.1\" 200 1330 \"http://localhost:5174/\" \"Mozilla/5.0 (Macintosh; Intel Mac OS X 10_15_7) AppleWebKit/537.36 (KHTML, like Gecko) Chrome/148.0.0.0 Safari/537.36\"","service":"sales-dialer-api","timestamp":"2026-06-01 01:15:11"}
{"level":"http","message":"::1 - - [31/May/2026:19:45:12 +0000] \"GET /api/contacts?limit=100 HTTP/1.1\" 200 2248 \"http://localhost:5174/\" \"Mozilla/5.0 (Macintosh; Intel Mac OS X 10_15_7) AppleWebKit/537.36 (KHTML, like Gecko) Chrome/148.0.0.0 Safari/537.36\"","service":"sales-dialer-api","timestamp":"2026-06-01 01:15:12"}
{"level":"http","message":"::1 - - [31/May/2026:19:45:18 +0000] \"GET /api/contacts/14795f03-5a57-439e-bf40-0b34ee497ecc HTTP/1.1\" 200 387 \"http://localhost:5174/\" \"Mozilla/5.0 (Macintosh; Intel Mac OS X 10_15_7) AppleWebKit/537.36 (KHTML, like Gecko) Chrome/148.0.0.0 Safari/537.36\"","service":"sales-dialer-api","timestamp":"2026-06-01 01:15:18"}
{"level":"http","message":"::1 - - [31/May/2026:19:45:18 +0000] \"POST /api/calls/start HTTP/1.1\" 201 704 \"http://localhost:5174/\" \"Mozilla/5.0 (Macintosh; Intel Mac OS X 10_15_7) AppleWebKit/537.36 (KHTML, like Gecko) Chrome/148.0.0.0 Safari/537.36\"","service":"sales-dialer-api","timestamp":"2026-06-01 01:15:18"}
{"level":"http","message":"::1 - - [31/May/2026:19:45:20 +0000] \"POST /api/calls/end HTTP/1.1\" 200 414 \"http://localhost:5174/\" \"Mozilla/5.0 (Macintosh; Intel Mac OS X 10_15_7) AppleWebKit/537.36 (KHTML, like Gecko) Chrome/148.0.0.0 Safari/537.36\"","service":"sales-dialer-api","timestamp":"2026-06-01 01:15:20"}
{"level":"warn","message":"Client Error: Validation failed","method":"GET","service":"sales-dialer-api","statusCode":422,"timestamp":"2026-06-01 01:15:21","url":"/api/calls?page=1&limit=10&sortBy=date&order=desc"}
{"level":"http","message":"::1 - - [31/May/2026:19:45:21 +0000] \"GET /api/calls?page=1&limit=10&sortBy=date&order=desc HTTP/1.1\" 422 162 \"http://localhost:5174/\" \"Mozilla/5.0 (Macintosh; Intel Mac OS X 10_15_7) AppleWebKit/537.36 (KHTML, like Gecko) Chrome/148.0.0.0 Safari/537.36\"","service":"sales-dialer-api","timestamp":"2026-06-01 01:15:21"}
{"level":"http","message":"::1 - - [31/May/2026:19:45:21 +0000] \"GET /api/contacts?limit=100 HTTP/1.1\" 200 2248 \"http://localhost:5174/\" \"Mozilla/5.0 (Macintosh; Intel Mac OS X 10_15_7) AppleWebKit/537.36 (KHTML, like Gecko) Chrome/148.0.0.0 Safari/537.36\"","service":"sales-dialer-api","timestamp":"2026-06-01 01:15:21"}
{"level":"warn","message":"Client Error: Validation failed","method":"GET","service":"sales-dialer-api","statusCode":422,"timestamp":"2026-06-01 01:15:22","url":"/api/calls?page=1&limit=10&sortBy=date&order=desc"}
{"level":"http","message":"::1 - - [31/May/2026:19:45:22 +0000] \"GET /api/calls?page=1&limit=10&sortBy=date&order=desc HTTP/1.1\" 422 162 \"http://localhost:5174/\" \"Mozilla/5.0 (Macintosh; Intel Mac OS X 10_15_7) AppleWebKit/537.36 (KHTML, like Gecko) Chrome/148.0.0.0 Safari/537.36\"","service":"sales-dialer-api","timestamp":"2026-06-01 01:15:22"}
{"level":"http","message":"::1 - - [31/May/2026:19:45:25 +0000] \"GET /api/dashboard HTTP/1.1\" 200 1777 \"http://localhost:5174/\" \"Mozilla/5.0 (Macintosh; Intel Mac OS X 10_15_7) AppleWebKit/537.36 (KHTML, like Gecko) Chrome/148.0.0.0 Safari/537.36\"","service":"sales-dialer-api","timestamp":"2026-06-01 01:15:25"}
{"level":"http","message":"::1 - - [31/May/2026:19:45:27 +0000] \"GET /api/contacts?page=1&limit=10 HTTP/1.1\" 200 2247 \"http://localhost:5174/\" \"Mozilla/5.0 (Macintosh; Intel Mac OS X 10_15_7) AppleWebKit/537.36 (KHTML, like Gecko) Chrome/148.0.0.0 Safari/537.36\"","service":"sales-dialer-api","timestamp":"2026-06-01 01:15:27"}
{"level":"http","message":"::1 - - [31/May/2026:19:45:29 +0000] \"GET /api/contacts?limit=100 HTTP/1.1\" 200 2248 \"http://localhost:5174/\" \"Mozilla/5.0 (Macintosh; Intel Mac OS X 10_15_7) AppleWebKit/537.36 (KHTML, like Gecko) Chrome/148.0.0.0 Safari/537.36\"","service":"sales-dialer-api","timestamp":"2026-06-01 01:15:29"}
{"level":"http","message":"::1 - - [31/May/2026:19:45:30 +0000] \"GET /api/contacts?limit=100 HTTP/1.1\" 200 2248 \"http://localhost:5174/\" \"Mozilla/5.0 (Macintosh; Intel Mac OS X 10_15_7) AppleWebKit/537.36 (KHTML, like Gecko) Chrome/148.0.0.0 Safari/537.36\"","service":"sales-dialer-api","timestamp":"2026-06-01 01:15:30"}
{"level":"warn","message":"Client Error: Validation failed","method":"GET","service":"sales-dialer-api","statusCode":422,"timestamp":"2026-06-01 01:15:30","url":"/api/calls?page=1&limit=10&sortBy=date&order=desc"}
{"level":"http","message":"::1 - - [31/May/2026:19:45:30 +0000] \"GET /api/calls?page=1&limit=10&sortBy=date&order=desc HTTP/1.1\" 422 162 \"http://localhost:5174/\" \"Mozilla/5.0 (Macintosh; Intel Mac OS X 10_15_7) AppleWebKit/537.36 (KHTML, like Gecko) Chrome/148.0.0.0 Safari/537.36\"","service":"sales-dialer-api","timestamp":"2026-06-01 01:15:30"}
{"level":"warn","message":"Client Error: Validation failed","method":"GET","service":"sales-dialer-api","statusCode":422,"timestamp":"2026-06-01 01:15:31","url":"/api/calls?page=1&limit=10&sortBy=date&order=desc"}
{"level":"http","message":"::1 - - [31/May/2026:19:45:31 +0000] \"GET /api/calls?page=1&limit=10&sortBy=date&order=desc HTTP/1.1\" 422 162 \"http://localhost:5174/\" \"Mozilla/5.0 (Macintosh; Intel Mac OS X 10_15_7) AppleWebKit/537.36 (KHTML, like Gecko) Chrome/148.0.0.0 Safari/537.36\"","service":"sales-dialer-api","timestamp":"2026-06-01 01:15:31"}
{"level":"http","message":"::1 - - [31/May/2026:19:47:51 +0000] \"GET /api/auth/me HTTP/1.1\" 200 323 \"http://localhost:5174/\" \"Mozilla/5.0 (Linux; Android 6.0; Nexus 5 Build/MRA58N) AppleWebKit/537.36 (KHTML, like Gecko) Chrome/148.0.0.0 Mobile Safari/537.36\"","service":"sales-dialer-api","timestamp":"2026-06-01 01:17:51"}
{"level":"http","message":"::1 - - [31/May/2026:19:47:52 +0000] \"GET /api/auth/me HTTP/1.1\" 200 323 \"http://localhost:5174/\" \"Mozilla/5.0 (Linux; Android 6.0; Nexus 5 Build/MRA58N) AppleWebKit/537.36 (KHTML, like Gecko) Chrome/148.0.0.0 Mobile Safari/537.36\"","service":"sales-dialer-api","timestamp":"2026-06-01 01:17:52"}
{"level":"warn","message":"Client Error: Validation failed","method":"GET","service":"sales-dialer-api","statusCode":422,"timestamp":"2026-06-01 01:17:52","url":"/api/calls?page=1&limit=10&sortBy=date&order=desc"}
{"level":"http","message":"::1 - - [31/May/2026:19:47:52 +0000] \"GET /api/calls?page=1&limit=10&sortBy=date&order=desc HTTP/1.1\" 422 162 \"http://localhost:5174/\" \"Mozilla/5.0 (Linux; Android 6.0; Nexus 5 Build/MRA58N) AppleWebKit/537.36 (KHTML, like Gecko) Chrome/148.0.0.0 Mobile Safari/537.36\"","service":"sales-dialer-api","timestamp":"2026-06-01 01:17:52"}
{"level":"http","message":"::1 - - [31/May/2026:19:47:52 +0000] \"GET /api/contacts?limit=100 HTTP/1.1\" 200 2248 \"http://localhost:5174/\" \"Mozilla/5.0 (Linux; Android 6.0; Nexus 5 Build/MRA58N) AppleWebKit/537.36 (KHTML, like Gecko) Chrome/148.0.0.0 Mobile Safari/537.36\"","service":"sales-dialer-api","timestamp":"2026-06-01 01:17:52"}
{"level":"warn","message":"Client Error: Validation failed","method":"GET","service":"sales-dialer-api","statusCode":422,"timestamp":"2026-06-01 01:17:53","url":"/api/calls?page=1&limit=10&sortBy=date&order=desc"}
{"level":"http","message":"::1 - - [31/May/2026:19:47:53 +0000] \"GET /api/calls?page=1&limit=10&sortBy=date&order=desc HTTP/1.1\" 422 162 \"http://localhost:5174/\" \"Mozilla/5.0 (Linux; Android 6.0; Nexus 5 Build/MRA58N) AppleWebKit/537.36 (KHTML, like Gecko) Chrome/148.0.0.0 Mobile Safari/537.36\"","service":"sales-dialer-api","timestamp":"2026-06-01 01:17:53"}
{"level":"http","message":"::1 - - [31/May/2026:19:49:41 +0000] \"GET /api/auth/me HTTP/1.1\" 200 323 \"http://localhost:5174/\" \"Mozilla/5.0 (Macintosh; Intel Mac OS X 10_15_7) AppleWebKit/537.36 (KHTML, like Gecko) Chrome/148.0.0.0 Safari/537.36\"","service":"sales-dialer-api","timestamp":"2026-06-01 01:19:41"}
{"level":"http","message":"::1 - - [31/May/2026:19:49:41 +0000] \"GET /api/auth/me HTTP/1.1\" 200 323 \"http://localhost:5174/\" \"Mozilla/5.0 (Macintosh; Intel Mac OS X 10_15_7) AppleWebKit/537.36 (KHTML, like Gecko) Chrome/148.0.0.0 Safari/537.36\"","service":"sales-dialer-api","timestamp":"2026-06-01 01:19:41"}
{"level":"http","message":"::1 - - [31/May/2026:19:49:41 +0000] \"GET /api/dashboard HTTP/1.1\" 200 1777 \"http://localhost:5174/\" \"Mozilla/5.0 (Macintosh; Intel Mac OS X 10_15_7) AppleWebKit/537.36 (KHTML, like Gecko) Chrome/148.0.0.0 Safari/537.36\"","service":"sales-dialer-api","timestamp":"2026-06-01 01:19:41"}
{"level":"warn","message":"Client Error: Validation failed","method":"GET","service":"sales-dialer-api","statusCode":422,"timestamp":"2026-06-01 01:19:43","url":"/api/calls?page=1&limit=10&sortBy=date&order=desc"}
{"level":"http","message":"::1 - - [31/May/2026:19:49:43 +0000] \"GET /api/calls?page=1&limit=10&sortBy=date&order=desc HTTP/1.1\" 422 162 \"http://localhost:5174/\" \"Mozilla/5.0 (Macintosh; Intel Mac OS X 10_15_7) AppleWebKit/537.36 (KHTML, like Gecko) Chrome/148.0.0.0 Safari/537.36\"","service":"sales-dialer-api","timestamp":"2026-06-01 01:19:43"}
{"level":"http","message":"::1 - - [31/May/2026:19:49:43 +0000] \"GET /api/contacts?limit=100 HTTP/1.1\" 200 2248 \"http://localhost:5174/\" \"Mozilla/5.0 (Macintosh; Intel Mac OS X 10_15_7) AppleWebKit/537.36 (KHTML, like Gecko) Chrome/148.0.0.0 Safari/537.36\"","service":"sales-dialer-api","timestamp":"2026-06-01 01:19:43"}
{"level":"warn","message":"Client Error: Validation failed","method":"GET","service":"sales-dialer-api","statusCode":422,"timestamp":"2026-06-01 01:19:44","url":"/api/calls?page=1&limit=10&sortBy=date&order=desc"}
{"level":"http","message":"::1 - - [31/May/2026:19:49:44 +0000] \"GET /api/calls?page=1&limit=10&sortBy=date&order=desc HTTP/1.1\" 422 162 \"http://localhost:5174/\" \"Mozilla/5.0 (Macintosh; Intel Mac OS X 10_15_7) AppleWebKit/537.36 (KHTML, like Gecko) Chrome/148.0.0.0 Safari/537.36\"","service":"sales-dialer-api","timestamp":"2026-06-01 01:19:44"}
{"level":"http","message":"::1 - - [31/May/2026:19:49:46 +0000] \"GET /api/contacts?limit=100 HTTP/1.1\" 200 2248 \"http://localhost:5174/\" \"Mozilla/5.0 (Macintosh; Intel Mac OS X 10_15_7) AppleWebKit/537.36 (KHTML, like Gecko) Chrome/148.0.0.0 Safari/537.36\"","service":"sales-dialer-api","timestamp":"2026-06-01 01:19:46"}
{"level":"http","message":"::1 - - [31/May/2026:19:49:48 +0000] \"GET /api/contacts/12967ce2-9044-4687-8090-4d7ab34fc52b HTTP/1.1\" 200 375 \"http://localhost:5174/\" \"Mozilla/5.0 (Macintosh; Intel Mac OS X 10_15_7) AppleWebKit/537.36 (KHTML, like Gecko) Chrome/148.0.0.0 Safari/537.36\"","service":"sales-dialer-api","timestamp":"2026-06-01 01:19:48"}
{"level":"http","message":"::1 - - [31/May/2026:19:49:49 +0000] \"POST /api/calls/start HTTP/1.1\" 201 692 \"http://localhost:5174/\" \"Mozilla/5.0 (Macintosh; Intel Mac OS X 10_15_7) AppleWebKit/537.36 (KHTML, like Gecko) Chrome/148.0.0.0 Safari/537.36\"","service":"sales-dialer-api","timestamp":"2026-06-01 01:19:49"}
{"level":"http","message":"::1 - - [31/May/2026:19:49:53 +0000] \"POST /api/calls/end HTTP/1.1\" 200 414 \"http://localhost:5174/\" \"Mozilla/5.0 (Macintosh; Intel Mac OS X 10_15_7) AppleWebKit/537.36 (KHTML, like Gecko) Chrome/148.0.0.0 Safari/537.36\"","service":"sales-dialer-api","timestamp":"2026-06-01 01:19:53"}
{"level":"http","message":"::1 - - [31/May/2026:19:49:56 +0000] \"POST /api/calls/b170b670-50de-4bb8-a4a3-46cab32bf7e5/notes HTTP/1.1\" 201 511 \"http://localhost:5174/\" \"Mozilla/5.0 (Macintosh; Intel Mac OS X 10_15_7) AppleWebKit/537.36 (KHTML, like Gecko) Chrome/148.0.0.0 Safari/537.36\"","service":"sales-dialer-api","timestamp":"2026-06-01 01:19:56"}
{"level":"http","message":"::1 - - [31/May/2026:19:49:58 +0000] \"GET /api/contacts?limit=100 HTTP/1.1\" 200 2248 \"http://localhost:5174/\" \"Mozilla/5.0 (Macintosh; Intel Mac OS X 10_15_7) AppleWebKit/537.36 (KHTML, like Gecko) Chrome/148.0.0.0 Safari/537.36\"","service":"sales-dialer-api","timestamp":"2026-06-01 01:19:58"}
{"level":"warn","message":"Client Error: Validation failed","method":"GET","service":"sales-dialer-api","statusCode":422,"timestamp":"2026-06-01 01:19:58","url":"/api/calls?page=1&limit=10&sortBy=date&order=desc"}
{"level":"http","message":"::1 - - [31/May/2026:19:49:58 +0000] \"GET /api/calls?page=1&limit=10&sortBy=date&order=desc HTTP/1.1\" 422 162 \"http://localhost:5174/\" \"Mozilla/5.0 (Macintosh; Intel Mac OS X 10_15_7) AppleWebKit/537.36 (KHTML, like Gecko) Chrome/148.0.0.0 Safari/537.36\"","service":"sales-dialer-api","timestamp":"2026-06-01 01:19:58"}
{"level":"warn","message":"Client Error: Validation failed","method":"GET","service":"sales-dialer-api","statusCode":422,"timestamp":"2026-06-01 01:19:59","url":"/api/calls?page=1&limit=10&sortBy=date&order=desc"}
{"level":"http","message":"::1 - - [31/May/2026:19:49:59 +0000] \"GET /api/calls?page=1&limit=10&sortBy=date&order=desc HTTP/1.1\" 422 162 \"http://localhost:5174/\" \"Mozilla/5.0 (Macintosh; Intel Mac OS X 10_15_7) AppleWebKit/537.36 (KHTML, like Gecko) Chrome/148.0.0.0 Safari/537.36\"","service":"sales-dialer-api","timestamp":"2026-06-01 01:19:59"}
{"level":"http","message":"::1 - - [31/May/2026:19:50:13 +0000] \"GET /api/auth/me HTTP/1.1\" 200 323 \"http://localhost:5174/\" \"Mozilla/5.0 (Linux; Android 6.0; Nexus 5 Build/MRA58N) AppleWebKit/537.36 (KHTML, like Gecko) Chrome/148.0.0.0 Mobile Safari/537.36\"","service":"sales-dialer-api","timestamp":"2026-06-01 01:20:13"}
{"level":"http","message":"::1 - - [31/May/2026:19:50:14 +0000] \"GET /api/auth/me HTTP/1.1\" 200 323 \"http://localhost:5174/\" \"Mozilla/5.0 (Linux; Android 6.0; Nexus 5 Build/MRA58N) AppleWebKit/537.36 (KHTML, like Gecko) Chrome/148.0.0.0 Mobile Safari/537.36\"","service":"sales-dialer-api","timestamp":"2026-06-01 01:20:14"}
{"level":"warn","message":"Client Error: Validation failed","method":"GET","service":"sales-dialer-api","statusCode":422,"timestamp":"2026-06-01 01:20:14","url":"/api/calls?page=1&limit=10&sortBy=date&order=desc"}
{"level":"http","message":"::1 - - [31/May/2026:19:50:14 +0000] \"GET /api/calls?page=1&limit=10&sortBy=date&order=desc HTTP/1.1\" 422 162 \"http://localhost:5174/\" \"Mozilla/5.0 (Linux; Android 6.0; Nexus 5 Build/MRA58N) AppleWebKit/537.36 (KHTML, like Gecko) Chrome/148.0.0.0 Mobile Safari/537.36\"","service":"sales-dialer-api","timestamp":"2026-06-01 01:20:14"}
{"level":"http","message":"::1 - - [31/May/2026:19:50:14 +0000] \"GET /api/contacts?limit=100 HTTP/1.1\" 200 2248 \"http://localhost:5174/\" \"Mozilla/5.0 (Linux; Android 6.0; Nexus 5 Build/MRA58N) AppleWebKit/537.36 (KHTML, like Gecko) Chrome/148.0.0.0 Mobile Safari/537.36\"","service":"sales-dialer-api","timestamp":"2026-06-01 01:20:14"}
{"level":"warn","message":"Client Error: Validation failed","method":"GET","service":"sales-dialer-api","statusCode":422,"timestamp":"2026-06-01 01:20:15","url":"/api/calls?page=1&limit=10&sortBy=date&order=desc"}
{"level":"http","message":"::1 - - [31/May/2026:19:50:15 +0000] \"GET /api/calls?page=1&limit=10&sortBy=date&order=desc HTTP/1.1\" 422 162 \"http://localhost:5174/\" \"Mozilla/5.0 (Linux; Android 6.0; Nexus 5 Build/MRA58N) AppleWebKit/537.36 (KHTML, like Gecko) Chrome/148.0.0.0 Mobile Safari/537.36\"","service":"sales-dialer-api","timestamp":"2026-06-01 01:20:15"}
{"level":"info","message":"WebSocket server initialized","service":"sales-dialer-api","timestamp":"2026-06-01 01:23:33"}
{"environment":"development","level":"info","message":"Server running on port 5001","port":"5001","service":"sales-dialer-api","timestamp":"2026-06-01 01:23:33"}
{"level":"info","message":"API Documentation available at http://localhost:5001/api/docs","service":"sales-dialer-api","timestamp":"2026-06-01 01:23:33"}
{"level":"info","message":"Database connected successfully","service":"sales-dialer-api","timestamp":"2026-06-01 01:23:33"}
{"level":"info","message":"Database models synchronized","service":"sales-dialer-api","timestamp":"2026-06-01 01:23:33"}
{"level":"info","message":"Server ready to accept connections","service":"sales-dialer-api","timestamp":"2026-06-01 01:23:33"}
{"level":"info","message":"SIGINT received. Starting graceful shutdown...","service":"sales-dialer-api","timestamp":"2026-06-01 01:23:52"}
{"level":"info","message":"HTTP server closed","service":"sales-dialer-api","timestamp":"2026-06-01 01:23:52"}
{"level":"info","message":"WebSocket server initialized","service":"sales-dialer-api","timestamp":"2026-06-01 01:23:57"}
{"environment":"development","level":"info","message":"Server running on port 5001","port":"5001","service":"sales-dialer-api","timestamp":"2026-06-01 01:23:57"}
{"level":"info","message":"API Documentation available at http://localhost:5001/api/docs","service":"sales-dialer-api","timestamp":"2026-06-01 01:23:57"}
{"level":"info","message":"Database connected successfully","service":"sales-dialer-api","timestamp":"2026-06-01 01:23:57"}
{"level":"info","message":"Database models synchronized","service":"sales-dialer-api","timestamp":"2026-06-01 01:23:57"}
{"level":"info","message":"Server ready to accept connections","service":"sales-dialer-api","timestamp":"2026-06-01 01:23:57"}
{"level":"http","message":"::1 - - [31/May/2026:19:54:08 +0000] \"GET /api/auth/me HTTP/1.1\" 200 323 \"http://localhost:5174/\" \"Mozilla/5.0 (Macintosh; Intel Mac OS X 10_15_7) AppleWebKit/537.36 (KHTML, like Gecko) Chrome/148.0.0.0 Safari/537.36\"","service":"sales-dialer-api","timestamp":"2026-06-01 01:24:08"}
{"level":"http","message":"::1 - - [31/May/2026:19:54:08 +0000] \"GET /api/auth/me HTTP/1.1\" 200 323 \"http://localhost:5174/\" \"Mozilla/5.0 (Macintosh; Intel Mac OS X 10_15_7) AppleWebKit/537.36 (KHTML, like Gecko) Chrome/148.0.0.0 Safari/537.36\"","service":"sales-dialer-api","timestamp":"2026-06-01 01:24:08"}
{"level":"http","message":"::1 - - [31/May/2026:19:54:08 +0000] \"GET /api/dashboard HTTP/1.1\" 200 2220 \"http://localhost:5174/\" \"Mozilla/5.0 (Macintosh; Intel Mac OS X 10_15_7) AppleWebKit/537.36 (KHTML, like Gecko) Chrome/148.0.0.0 Safari/537.36\"","service":"sales-dialer-api","timestamp":"2026-06-01 01:24:08"}
{"ip":"::1","level":"error","message":"Server Error: SQLITE_ERROR: no such column: Call.date","method":"GET","requestId":"req_1780257249379_j8330eou6","service":"sales-dialer-api","stack":"Error\n    at Database.<anonymous> (/Users/user/sales-dialer/backend/node_modules/sequelize/lib/dialects/sqlite/query.js:185:27)\n    at /Users/user/sales-dialer/backend/node_modules/sequelize/lib/dialects/sqlite/query.js:183:50\n    at new Promise (<anonymous>)\n    at Query.run (/Users/user/sales-dialer/backend/node_modules/sequelize/lib/dialects/sqlite/query.js:183:12)\n    at /Users/user/sales-dialer/backend/node_modules/sequelize/lib/sequelize.js:315:28\n    at process.processTicksAndRejections (node:internal/process/task_queues:103:5)\n    at async SQLiteQueryInterface.select (/Users/user/sales-dialer/backend/node_modules/sequelize/lib/dialects/abstract/query-interface.js:407:12)\n    at async Call.findAll (/Users/user/sales-dialer/backend/node_modules/sequelize/lib/model.js:1140:21)\n    at async Promise.all (index 1)\n    at async Call.findAndCountAll (/Users/user/sales-dialer/backend/node_modules/sequelize/lib/model.js:1322:27)","timestamp":"2026-06-01 01:24:09","url":"/api/calls?page=1&limit=10&sortBy=date&order=desc"}
{"level":"http","message":"::1 - - [31/May/2026:19:54:09 +0000] \"GET /api/calls?page=1&limit=10&sortBy=date&order=desc HTTP/1.1\" 400 83 \"http://localhost:5174/\" \"Mozilla/5.0 (Macintosh; Intel Mac OS X 10_15_7) AppleWebKit/537.36 (KHTML, like Gecko) Chrome/148.0.0.0 Safari/537.36\"","service":"sales-dialer-api","timestamp":"2026-06-01 01:24:09"}
{"level":"http","message":"::1 - - [31/May/2026:19:54:09 +0000] \"GET /api/contacts?limit=100 HTTP/1.1\" 200 2248 \"http://localhost:5174/\" \"Mozilla/5.0 (Macintosh; Intel Mac OS X 10_15_7) AppleWebKit/537.36 (KHTML, like Gecko) Chrome/148.0.0.0 Safari/537.36\"","service":"sales-dialer-api","timestamp":"2026-06-01 01:24:09"}
{"ip":"::1","level":"error","message":"Server Error: SQLITE_ERROR: no such column: Call.date","method":"GET","requestId":"req_1780257250408_xtd5zddpk","service":"sales-dialer-api","stack":"Error\n    at Database.<anonymous> (/Users/user/sales-dialer/backend/node_modules/sequelize/lib/dialects/sqlite/query.js:185:27)\n    at /Users/user/sales-dialer/backend/node_modules/sequelize/lib/dialects/sqlite/query.js:183:50\n    at new Promise (<anonymous>)\n    at Query.run (/Users/user/sales-dialer/backend/node_modules/sequelize/lib/dialects/sqlite/query.js:183:12)\n    at /Users/user/sales-dialer/backend/node_modules/sequelize/lib/sequelize.js:315:28\n    at process.processTicksAndRejections (node:internal/process/task_queues:103:5)\n    at async SQLiteQueryInterface.select (/Users/user/sales-dialer/backend/node_modules/sequelize/lib/dialects/abstract/query-interface.js:407:12)\n    at async Call.findAll (/Users/user/sales-dialer/backend/node_modules/sequelize/lib/model.js:1140:21)\n    at async Promise.all (index 1)\n    at async Call.findAndCountAll (/Users/user/sales-dialer/backend/node_modules/sequelize/lib/model.js:1322:27)","timestamp":"2026-06-01 01:24:10","url":"/api/calls?page=1&limit=10&sortBy=date&order=desc"}
{"level":"http","message":"::1 - - [31/May/2026:19:54:10 +0000] \"GET /api/calls?page=1&limit=10&sortBy=date&order=desc HTTP/1.1\" 400 83 \"http://localhost:5174/\" \"Mozilla/5.0 (Macintosh; Intel Mac OS X 10_15_7) AppleWebKit/537.36 (KHTML, like Gecko) Chrome/148.0.0.0 Safari/537.36\"","service":"sales-dialer-api","timestamp":"2026-06-01 01:24:10"}
{"ip":"::1","level":"error","message":"Server Error: SQLITE_ERROR: no such column: notes.sentiment","method":"GET","requestId":"req_1780257254921_2uc6e6b1c","service":"sales-dialer-api","stack":"Error\n    at Database.<anonymous> (/Users/user/sales-dialer/backend/node_modules/sequelize/lib/dialects/sqlite/query.js:185:27)\n    at /Users/user/sales-dialer/backend/node_modules/sequelize/lib/dialects/sqlite/query.js:183:50\n    at new Promise (<anonymous>)\n    at Query.run (/Users/user/sales-dialer/backend/node_modules/sequelize/lib/dialects/sqlite/query.js:183:12)\n    at /Users/user/sales-dialer/backend/node_modules/sequelize/lib/sequelize.js:315:28\n    at process.processTicksAndRejections (node:internal/process/task_queues:103:5)\n    at async SQLiteQueryInterface.select (/Users/user/sales-dialer/backend/node_modules/sequelize/lib/dialects/abstract/query-interface.js:407:12)\n    at async Call.findAll (/Users/user/sales-dialer/backend/node_modules/sequelize/lib/model.js:1140:21)\n    at async Promise.all (index 1)\n    at async Call.findAndCountAll (/Users/user/sales-dialer/backend/node_modules/sequelize/lib/model.js:1322:27)","timestamp":"2026-06-01 01:24:14","url":"/api/calls?page=1&limit=10&sortBy=duration&order=asc"}
{"level":"http","message":"::1 - - [31/May/2026:19:54:14 +0000] \"GET /api/calls?page=1&limit=10&sortBy=duration&order=asc HTTP/1.1\" 400 83 \"http://localhost:5174/\" \"Mozilla/5.0 (Macintosh; Intel Mac OS X 10_15_7) AppleWebKit/537.36 (KHTML, like Gecko) Chrome/148.0.0.0 Safari/537.36\"","service":"sales-dialer-api","timestamp":"2026-06-01 01:24:14"}
{"ip":"::1","level":"error","message":"Server Error: SQLITE_ERROR: no such column: notes.sentiment","method":"GET","requestId":"req_1780257255943_k2ll4lvge","service":"sales-dialer-api","stack":"Error\n    at Database.<anonymous> (/Users/user/sales-dialer/backend/node_modules/sequelize/lib/dialects/sqlite/query.js:185:27)\n    at /Users/user/sales-dialer/backend/node_modules/sequelize/lib/dialects/sqlite/query.js:183:50\n    at new Promise (<anonymous>)\n    at Query.run (/Users/user/sales-dialer/backend/node_modules/sequelize/lib/dialects/sqlite/query.js:183:12)\n    at /Users/user/sales-dialer/backend/node_modules/sequelize/lib/sequelize.js:315:28\n    at process.processTicksAndRejections (node:internal/process/task_queues:103:5)\n    at async SQLiteQueryInterface.select (/Users/user/sales-dialer/backend/node_modules/sequelize/lib/dialects/abstract/query-interface.js:407:12)\n    at async Call.findAll (/Users/user/sales-dialer/backend/node_modules/sequelize/lib/model.js:1140:21)\n    at async Promise.all (index 1)\n    at async Call.findAndCountAll (/Users/user/sales-dialer/backend/node_modules/sequelize/lib/model.js:1322:27)","timestamp":"2026-06-01 01:24:15","url":"/api/calls?page=1&limit=10&sortBy=duration&order=asc"}
{"level":"http","message":"::1 - - [31/May/2026:19:54:15 +0000] \"GET /api/calls?page=1&limit=10&sortBy=duration&order=asc HTTP/1.1\" 400 83 \"http://localhost:5174/\" \"Mozilla/5.0 (Macintosh; Intel Mac OS X 10_15_7) AppleWebKit/537.36 (KHTML, like Gecko) Chrome/148.0.0.0 Safari/537.36\"","service":"sales-dialer-api","timestamp":"2026-06-01 01:24:15"}
{"ip":"::1","level":"error","message":"Server Error: SQLITE_ERROR: no such column: Call.date","method":"GET","requestId":"req_1780257257397_t8a60n003","service":"sales-dialer-api","stack":"Error\n    at Database.<anonymous> (/Users/user/sales-dialer/backend/node_modules/sequelize/lib/dialects/sqlite/query.js:185:27)\n    at /Users/user/sales-dialer/backend/node_modules/sequelize/lib/dialects/sqlite/query.js:183:50\n    at new Promise (<anonymous>)\n    at Query.run (/Users/user/sales-dialer/backend/node_modules/sequelize/lib/dialects/sqlite/query.js:183:12)\n    at /Users/user/sales-dialer/backend/node_modules/sequelize/lib/sequelize.js:315:28\n    at process.processTicksAndRejections (node:internal/process/task_queues:103:5)\n    at async SQLiteQueryInterface.select (/Users/user/sales-dialer/backend/node_modules/sequelize/lib/dialects/abstract/query-interface.js:407:12)\n    at async Call.findAll (/Users/user/sales-dialer/backend/node_modules/sequelize/lib/model.js:1140:21)\n    at async Promise.all (index 1)\n    at async Call.findAndCountAll (/Users/user/sales-dialer/backend/node_modules/sequelize/lib/model.js:1322:27)","timestamp":"2026-06-01 01:24:17","url":"/api/calls?page=1&limit=10&sortBy=date&order=desc"}
{"level":"http","message":"::1 - - [31/May/2026:19:54:17 +0000] \"GET /api/calls?page=1&limit=10&sortBy=date&order=desc HTTP/1.1\" 400 83 \"http://localhost:5174/\" \"Mozilla/5.0 (Macintosh; Intel Mac OS X 10_15_7) AppleWebKit/537.36 (KHTML, like Gecko) Chrome/148.0.0.0 Safari/537.36\"","service":"sales-dialer-api","timestamp":"2026-06-01 01:24:17"}
{"ip":"::1","level":"error","message":"Server Error: SQLITE_ERROR: no such column: Call.date","method":"GET","requestId":"req_1780257258413_u8custzsk","service":"sales-dialer-api","stack":"Error\n    at Database.<anonymous> (/Users/user/sales-dialer/backend/node_modules/sequelize/lib/dialects/sqlite/query.js:185:27)\n    at /Users/user/sales-dialer/backend/node_modules/sequelize/lib/dialects/sqlite/query.js:183:50\n    at new Promise (<anonymous>)\n    at Query.run (/Users/user/sales-dialer/backend/node_modules/sequelize/lib/dialects/sqlite/query.js:183:12)\n    at /Users/user/sales-dialer/backend/node_modules/sequelize/lib/sequelize.js:315:28\n    at process.processTicksAndRejections (node:internal/process/task_queues:103:5)\n    at async SQLiteQueryInterface.select (/Users/user/sales-dialer/backend/node_modules/sequelize/lib/dialects/abstract/query-interface.js:407:12)\n    at async Call.findAll (/Users/user/sales-dialer/backend/node_modules/sequelize/lib/model.js:1140:21)\n    at async Promise.all (index 1)\n    at async Call.findAndCountAll (/Users/user/sales-dialer/backend/node_modules/sequelize/lib/model.js:1322:27)","timestamp":"2026-06-01 01:24:18","url":"/api/calls?page=1&limit=10&sortBy=date&order=desc"}
{"level":"http","message":"::1 - - [31/May/2026:19:54:18 +0000] \"GET /api/calls?page=1&limit=10&sortBy=date&order=desc HTTP/1.1\" 400 83 \"http://localhost:5174/\" \"Mozilla/5.0 (Macintosh; Intel Mac OS X 10_15_7) AppleWebKit/537.36 (KHTML, like Gecko) Chrome/148.0.0.0 Safari/537.36\"","service":"sales-dialer-api","timestamp":"2026-06-01 01:24:18"}
{"ip":"::1","level":"error","message":"Server Error: SQLITE_ERROR: no such column: Call.date","method":"GET","requestId":"req_1780257259226_43kf3tsuq","service":"sales-dialer-api","stack":"Error\n    at Database.<anonymous> (/Users/user/sales-dialer/backend/node_modules/sequelize/lib/dialects/sqlite/query.js:185:27)\n    at /Users/user/sales-dialer/backend/node_modules/sequelize/lib/dialects/sqlite/query.js:183:50\n    at new Promise (<anonymous>)\n    at Query.run (/Users/user/sales-dialer/backend/node_modules/sequelize/lib/dialects/sqlite/query.js:183:12)\n    at /Users/user/sales-dialer/backend/node_modules/sequelize/lib/sequelize.js:315:28\n    at process.processTicksAndRejections (node:internal/process/task_queues:103:5)\n    at async SQLiteQueryInterface.select (/Users/user/sales-dialer/backend/node_modules/sequelize/lib/dialects/abstract/query-interface.js:407:12)\n    at async Call.findAll (/Users/user/sales-dialer/backend/node_modules/sequelize/lib/model.js:1140:21)\n    at async Promise.all (index 1)\n    at async Call.findAndCountAll (/Users/user/sales-dialer/backend/node_modules/sequelize/lib/model.js:1322:27)","timestamp":"2026-06-01 01:24:19","url":"/api/calls?page=1&limit=10&sortBy=date&order=desc&contactId=14795f03-5a57-439e-bf40-0b34ee497ecc"}
{"level":"http","message":"::1 - - [31/May/2026:19:54:19 +0000] \"GET /api/calls?page=1&limit=10&sortBy=date&order=desc&contactId=14795f03-5a57-439e-bf40-0b34ee497ecc HTTP/1.1\" 400 83 \"http://localhost:5174/\" \"Mozilla/5.0 (Macintosh; Intel Mac OS X 10_15_7) AppleWebKit/537.36 (KHTML, like Gecko) Chrome/148.0.0.0 Safari/537.36\"","service":"sales-dialer-api","timestamp":"2026-06-01 01:24:19"}
{"ip":"::1","level":"error","message":"Server Error: SQLITE_ERROR: no such column: Call.date","method":"GET","requestId":"req_1780257260240_nacqbxlns","service":"sales-dialer-api","stack":"Error\n    at Database.<anonymous> (/Users/user/sales-dialer/backend/node_modules/sequelize/lib/dialects/sqlite/query.js:185:27)\n    at /Users/user/sales-dialer/backend/node_modules/sequelize/lib/dialects/sqlite/query.js:183:50\n    at new Promise (<anonymous>)\n    at Query.run (/Users/user/sales-dialer/backend/node_modules/sequelize/lib/dialects/sqlite/query.js:183:12)\n    at /Users/user/sales-dialer/backend/node_modules/sequelize/lib/sequelize.js:315:28\n    at process.processTicksAndRejections (node:internal/process/task_queues:103:5)\n    at async SQLiteQueryInterface.select (/Users/user/sales-dialer/backend/node_modules/sequelize/lib/dialects/abstract/query-interface.js:407:12)\n    at async Call.findAll (/Users/user/sales-dialer/backend/node_modules/sequelize/lib/model.js:1140:21)\n    at async Promise.all (index 1)\n    at async Call.findAndCountAll (/Users/user/sales-dialer/backend/node_modules/sequelize/lib/model.js:1322:27)","timestamp":"2026-06-01 01:24:20","url":"/api/calls?page=1&limit=10&sortBy=date&order=desc&contactId=14795f03-5a57-439e-bf40-0b34ee497ecc"}
{"level":"http","message":"::1 - - [31/May/2026:19:54:20 +0000] \"GET /api/calls?page=1&limit=10&sortBy=date&order=desc&contactId=14795f03-5a57-439e-bf40-0b34ee497ecc HTTP/1.1\" 400 83 \"http://localhost:5174/\" \"Mozilla/5.0 (Macintosh; Intel Mac OS X 10_15_7) AppleWebKit/537.36 (KHTML, like Gecko) Chrome/148.0.0.0 Safari/537.36\"","service":"sales-dialer-api","timestamp":"2026-06-01 01:24:20"}
{"ip":"::1","level":"error","message":"Server Error: SQLITE_ERROR: no such column: Call.date","method":"GET","requestId":"req_1780257261768_qu6upnwja","service":"sales-dialer-api","stack":"Error\n    at Database.<anonymous> (/Users/user/sales-dialer/backend/node_modules/sequelize/lib/dialects/sqlite/query.js:185:27)\n    at /Users/user/sales-dialer/backend/node_modules/sequelize/lib/dialects/sqlite/query.js:183:50\n    at new Promise (<anonymous>)\n    at Query.run (/Users/user/sales-dialer/backend/node_modules/sequelize/lib/dialects/sqlite/query.js:183:12)\n    at /Users/user/sales-dialer/backend/node_modules/sequelize/lib/sequelize.js:315:28\n    at process.processTicksAndRejections (node:internal/process/task_queues:103:5)\n    at async SQLiteQueryInterface.select (/Users/user/sales-dialer/backend/node_modules/sequelize/lib/dialects/abstract/query-interface.js:407:12)\n    at async Call.findAll (/Users/user/sales-dialer/backend/node_modules/sequelize/lib/model.js:1140:21)\n    at async Promise.all (index 1)\n    at async Call.findAndCountAll (/Users/user/sales-dialer/backend/node_modules/sequelize/lib/model.js:1322:27)","timestamp":"2026-06-01 01:24:21","url":"/api/calls?page=1&limit=10&sortBy=date&order=desc"}
{"level":"http","message":"::1 - - [31/May/2026:19:54:21 +0000] \"GET /api/calls?page=1&limit=10&sortBy=date&order=desc HTTP/1.1\" 400 83 \"http://localhost:5174/\" \"Mozilla/5.0 (Macintosh; Intel Mac OS X 10_15_7) AppleWebKit/537.36 (KHTML, like Gecko) Chrome/148.0.0.0 Safari/537.36\"","service":"sales-dialer-api","timestamp":"2026-06-01 01:24:21"}
{"ip":"::1","level":"error","message":"Server Error: SQLITE_ERROR: no such column: Call.date","method":"GET","requestId":"req_1780257262783_o4sco3tot","service":"sales-dialer-api","stack":"Error\n    at Database.<anonymous> (/Users/user/sales-dialer/backend/node_modules/sequelize/lib/dialects/sqlite/query.js:185:27)\n    at /Users/user/sales-dialer/backend/node_modules/sequelize/lib/dialects/sqlite/query.js:183:50\n    at new Promise (<anonymous>)\n    at Query.run (/Users/user/sales-dialer/backend/node_modules/sequelize/lib/dialects/sqlite/query.js:183:12)\n    at /Users/user/sales-dialer/backend/node_modules/sequelize/lib/sequelize.js:315:28\n    at process.processTicksAndRejections (node:internal/process/task_queues:103:5)\n    at async SQLiteQueryInterface.select (/Users/user/sales-dialer/backend/node_modules/sequelize/lib/dialects/abstract/query-interface.js:407:12)\n    at async Call.findAll (/Users/user/sales-dialer/backend/node_modules/sequelize/lib/model.js:1140:21)\n    at async Promise.all (index 1)\n    at async Call.findAndCountAll (/Users/user/sales-dialer/backend/node_modules/sequelize/lib/model.js:1322:27)","timestamp":"2026-06-01 01:24:22","url":"/api/calls?page=1&limit=10&sortBy=date&order=desc"}
{"level":"http","message":"::1 - - [31/May/2026:19:54:22 +0000] \"GET /api/calls?page=1&limit=10&sortBy=date&order=desc HTTP/1.1\" 400 83 \"http://localhost:5174/\" \"Mozilla/5.0 (Macintosh; Intel Mac OS X 10_15_7) AppleWebKit/537.36 (KHTML, like Gecko) Chrome/148.0.0.0 Safari/537.36\"","service":"sales-dialer-api","timestamp":"2026-06-01 01:24:22"}
{"level":"http","message":"::1 - - [31/May/2026:19:55:05 +0000] \"GET /api/auth/me HTTP/1.1\" 200 323 \"http://localhost:5174/\" \"Mozilla/5.0 (Linux; Android 6.0; Nexus 5 Build/MRA58N) AppleWebKit/537.36 (KHTML, like Gecko) Chrome/148.0.0.0 Mobile Safari/537.36\"","service":"sales-dialer-api","timestamp":"2026-06-01 01:25:05"}
{"level":"http","message":"::1 - - [31/May/2026:19:55:05 +0000] \"GET /api/auth/me HTTP/1.1\" 200 323 \"http://localhost:5174/\" \"Mozilla/5.0 (Linux; Android 6.0; Nexus 5 Build/MRA58N) AppleWebKit/537.36 (KHTML, like Gecko) Chrome/148.0.0.0 Mobile Safari/537.36\"","service":"sales-dialer-api","timestamp":"2026-06-01 01:25:05"}
{"ip":"::1","level":"error","message":"Server Error: SQLITE_ERROR: no such column: Call.date","method":"GET","requestId":"req_1780257305597_qyypdr5eu","service":"sales-dialer-api","stack":"Error\n    at Database.<anonymous> (/Users/user/sales-dialer/backend/node_modules/sequelize/lib/dialects/sqlite/query.js:185:27)\n    at /Users/user/sales-dialer/backend/node_modules/sequelize/lib/dialects/sqlite/query.js:183:50\n    at new Promise (<anonymous>)\n    at Query.run (/Users/user/sales-dialer/backend/node_modules/sequelize/lib/dialects/sqlite/query.js:183:12)\n    at /Users/user/sales-dialer/backend/node_modules/sequelize/lib/sequelize.js:315:28\n    at process.processTicksAndRejections (node:internal/process/task_queues:103:5)\n    at async SQLiteQueryInterface.select (/Users/user/sales-dialer/backend/node_modules/sequelize/lib/dialects/abstract/query-interface.js:407:12)\n    at async Call.findAll (/Users/user/sales-dialer/backend/node_modules/sequelize/lib/model.js:1140:21)\n    at async Promise.all (index 1)\n    at async Call.findAndCountAll (/Users/user/sales-dialer/backend/node_modules/sequelize/lib/model.js:1322:27)","timestamp":"2026-06-01 01:25:05","url":"/api/calls?page=1&limit=10&sortBy=date&order=desc"}
{"level":"http","message":"::1 - - [31/May/2026:19:55:05 +0000] \"GET /api/calls?page=1&limit=10&sortBy=date&order=desc HTTP/1.1\" 400 83 \"http://localhost:5174/\" \"Mozilla/5.0 (Linux; Android 6.0; Nexus 5 Build/MRA58N) AppleWebKit/537.36 (KHTML, like Gecko) Chrome/148.0.0.0 Mobile Safari/537.36\"","service":"sales-dialer-api","timestamp":"2026-06-01 01:25:05"}
{"level":"http","message":"::1 - - [31/May/2026:19:55:05 +0000] \"GET /api/contacts?limit=100 HTTP/1.1\" 200 2248 \"http://localhost:5174/\" \"Mozilla/5.0 (Linux; Android 6.0; Nexus 5 Build/MRA58N) AppleWebKit/537.36 (KHTML, like Gecko) Chrome/148.0.0.0 Mobile Safari/537.36\"","service":"sales-dialer-api","timestamp":"2026-06-01 01:25:05"}
{"ip":"::1","level":"error","message":"Server Error: SQLITE_ERROR: no such column: Call.date","method":"GET","requestId":"req_1780257307173_4qoh8e4ju","service":"sales-dialer-api","stack":"Error\n    at Database.<anonymous> (/Users/user/sales-dialer/backend/node_modules/sequelize/lib/dialects/sqlite/query.js:185:27)\n    at /Users/user/sales-dialer/backend/node_modules/sequelize/lib/dialects/sqlite/query.js:183:50\n    at new Promise (<anonymous>)\n    at Query.run (/Users/user/sales-dialer/backend/node_modules/sequelize/lib/dialects/sqlite/query.js:183:12)\n    at /Users/user/sales-dialer/backend/node_modules/sequelize/lib/sequelize.js:315:28\n    at process.processTicksAndRejections (node:internal/process/task_queues:103:5)\n    at async SQLiteQueryInterface.select (/Users/user/sales-dialer/backend/node_modules/sequelize/lib/dialects/abstract/query-interface.js:407:12)\n    at async Call.findAll (/Users/user/sales-dialer/backend/node_modules/sequelize/lib/model.js:1140:21)\n    at async Promise.all (index 1)\n    at async Call.findAndCountAll (/Users/user/sales-dialer/backend/node_modules/sequelize/lib/model.js:1322:27)","timestamp":"2026-06-01 01:25:07","url":"/api/calls?page=1&limit=10&sortBy=date&order=desc"}
{"level":"http","message":"::1 - - [31/May/2026:19:55:07 +0000] \"GET /api/calls?page=1&limit=10&sortBy=date&order=desc HTTP/1.1\" 400 83 \"http://localhost:5174/\" \"Mozilla/5.0 (Linux; Android 6.0; Nexus 5 Build/MRA58N) AppleWebKit/537.36 (KHTML, like Gecko) Chrome/148.0.0.0 Mobile Safari/537.36\"","service":"sales-dialer-api","timestamp":"2026-06-01 01:25:07"}
{"level":"info","message":"SIGINT received. Starting graceful shutdown...","service":"sales-dialer-api","timestamp":"2026-06-01 01:26:31"}
{"level":"info","message":"HTTP server closed","service":"sales-dialer-api","timestamp":"2026-06-01 01:26:31"}
{"level":"info","message":"Database connection closed","service":"sales-dialer-api","timestamp":"2026-06-01 01:26:31"}
{"level":"info","message":"WebSocket server initialized","service":"sales-dialer-api","timestamp":"2026-06-01 01:26:38"}
{"environment":"development","level":"info","message":"Server running on port 5001","port":"5001","service":"sales-dialer-api","timestamp":"2026-06-01 01:26:38"}
{"level":"info","message":"API Documentation available at http://localhost:5001/api/docs","service":"sales-dialer-api","timestamp":"2026-06-01 01:26:38"}
{"level":"info","message":"Database connected successfully","service":"sales-dialer-api","timestamp":"2026-06-01 01:26:38"}
{"level":"info","message":"Database models synchronized","service":"sales-dialer-api","timestamp":"2026-06-01 01:26:38"}
{"level":"info","message":"Server ready to accept connections","service":"sales-dialer-api","timestamp":"2026-06-01 01:26:38"}
{"level":"http","message":"::1 - - [31/May/2026:19:56:46 +0000] \"GET /api/auth/me HTTP/1.1\" 200 323 \"http://localhost:5174/\" \"Mozilla/5.0 (Macintosh; Intel Mac OS X 10_15_7) AppleWebKit/537.36 (KHTML, like Gecko) Chrome/148.0.0.0 Safari/537.36\"","service":"sales-dialer-api","timestamp":"2026-06-01 01:26:46"}
{"level":"http","message":"::1 - - [31/May/2026:19:56:46 +0000] \"GET /api/auth/me HTTP/1.1\" 200 323 \"http://localhost:5174/\" \"Mozilla/5.0 (Macintosh; Intel Mac OS X 10_15_7) AppleWebKit/537.36 (KHTML, like Gecko) Chrome/148.0.0.0 Safari/537.36\"","service":"sales-dialer-api","timestamp":"2026-06-01 01:26:46"}
{"level":"http","message":"::1 - - [31/May/2026:19:56:47 +0000] \"GET /api/dashboard HTTP/1.1\" 200 2220 \"http://localhost:5174/\" \"Mozilla/5.0 (Macintosh; Intel Mac OS X 10_15_7) AppleWebKit/537.36 (KHTML, like Gecko) Chrome/148.0.0.0 Safari/537.36\"","service":"sales-dialer-api","timestamp":"2026-06-01 01:26:47"}
{"ip":"::1","level":"error","message":"Server Error: SQLITE_ERROR: no such column: notes.sentiment","method":"GET","requestId":"req_1780257410023_ko8cn41ke","service":"sales-dialer-api","stack":"Error\n    at Database.<anonymous> (/Users/user/sales-dialer/backend/node_modules/sequelize/lib/dialects/sqlite/query.js:185:27)\n    at /Users/user/sales-dialer/backend/node_modules/sequelize/lib/dialects/sqlite/query.js:183:50\n    at new Promise (<anonymous>)\n    at Query.run (/Users/user/sales-dialer/backend/node_modules/sequelize/lib/dialects/sqlite/query.js:183:12)\n    at /Users/user/sales-dialer/backend/node_modules/sequelize/lib/sequelize.js:315:28\n    at process.processTicksAndRejections (node:internal/process/task_queues:103:5)\n    at async SQLiteQueryInterface.select (/Users/user/sales-dialer/backend/node_modules/sequelize/lib/dialects/abstract/query-interface.js:407:12)\n    at async Call.findAll (/Users/user/sales-dialer/backend/node_modules/sequelize/lib/model.js:1140:21)\n    at async Promise.all (index 1)\n    at async Call.findAndCountAll (/Users/user/sales-dialer/backend/node_modules/sequelize/lib/model.js:1322:27)","timestamp":"2026-06-01 01:26:50","url":"/api/calls?page=1&limit=10&sortBy=startTime&order=desc"}
{"level":"http","message":"::1 - - [31/May/2026:19:56:50 +0000] \"GET /api/calls?page=1&limit=10&sortBy=startTime&order=desc HTTP/1.1\" 400 83 \"http://localhost:5174/\" \"Mozilla/5.0 (Macintosh; Intel Mac OS X 10_15_7) AppleWebKit/537.36 (KHTML, like Gecko) Chrome/148.0.0.0 Safari/537.36\"","service":"sales-dialer-api","timestamp":"2026-06-01 01:26:50"}
{"level":"http","message":"::1 - - [31/May/2026:19:56:50 +0000] \"GET /api/contacts?limit=100 HTTP/1.1\" 200 2248 \"http://localhost:5174/\" \"Mozilla/5.0 (Macintosh; Intel Mac OS X 10_15_7) AppleWebKit/537.36 (KHTML, like Gecko) Chrome/148.0.0.0 Safari/537.36\"","service":"sales-dialer-api","timestamp":"2026-06-01 01:26:50"}
{"ip":"::1","level":"error","message":"Server Error: SQLITE_ERROR: no such column: notes.sentiment","method":"GET","requestId":"req_1780257411050_6d4258o1y","service":"sales-dialer-api","stack":"Error\n    at Database.<anonymous> (/Users/user/sales-dialer/backend/node_modules/sequelize/lib/dialects/sqlite/query.js:185:27)\n    at /Users/user/sales-dialer/backend/node_modules/sequelize/lib/dialects/sqlite/query.js:183:50\n    at new Promise (<anonymous>)\n    at Query.run (/Users/user/sales-dialer/backend/node_modules/sequelize/lib/dialects/sqlite/query.js:183:12)\n    at /Users/user/sales-dialer/backend/node_modules/sequelize/lib/sequelize.js:315:28\n    at process.processTicksAndRejections (node:internal/process/task_queues:103:5)\n    at async SQLiteQueryInterface.select (/Users/user/sales-dialer/backend/node_modules/sequelize/lib/dialects/abstract/query-interface.js:407:12)\n    at async Call.findAll (/Users/user/sales-dialer/backend/node_modules/sequelize/lib/model.js:1140:21)\n    at async Promise.all (index 1)\n    at async Call.findAndCountAll (/Users/user/sales-dialer/backend/node_modules/sequelize/lib/model.js:1322:27)","timestamp":"2026-06-01 01:26:51","url":"/api/calls?page=1&limit=10&sortBy=startTime&order=desc"}
{"level":"http","message":"::1 - - [31/May/2026:19:56:51 +0000] \"GET /api/calls?page=1&limit=10&sortBy=startTime&order=desc HTTP/1.1\" 400 83 \"http://localhost:5174/\" \"Mozilla/5.0 (Macintosh; Intel Mac OS X 10_15_7) AppleWebKit/537.36 (KHTML, like Gecko) Chrome/148.0.0.0 Safari/537.36\"","service":"sales-dialer-api","timestamp":"2026-06-01 01:26:51"}
{"level":"http","message":"::1 - - [31/May/2026:19:57:01 +0000] \"GET /api/auth/me HTTP/1.1\" 200 323 \"http://localhost:5174/\" \"Mozilla/5.0 (Linux; Android 6.0; Nexus 5 Build/MRA58N) AppleWebKit/537.36 (KHTML, like Gecko) Chrome/148.0.0.0 Mobile Safari/537.36\"","service":"sales-dialer-api","timestamp":"2026-06-01 01:27:01"}
{"level":"http","message":"::1 - - [31/May/2026:19:57:01 +0000] \"GET /api/auth/me HTTP/1.1\" 200 323 \"http://localhost:5174/\" \"Mozilla/5.0 (Linux; Android 6.0; Nexus 5 Build/MRA58N) AppleWebKit/537.36 (KHTML, like Gecko) Chrome/148.0.0.0 Mobile Safari/537.36\"","service":"sales-dialer-api","timestamp":"2026-06-01 01:27:01"}
{"ip":"::1","level":"error","message":"Server Error: SQLITE_ERROR: no such column: notes.sentiment","method":"GET","requestId":"req_1780257421735_q5gbfh7im","service":"sales-dialer-api","stack":"Error\n    at Database.<anonymous> (/Users/user/sales-dialer/backend/node_modules/sequelize/lib/dialects/sqlite/query.js:185:27)\n    at /Users/user/sales-dialer/backend/node_modules/sequelize/lib/dialects/sqlite/query.js:183:50\n    at new Promise (<anonymous>)\n    at Query.run (/Users/user/sales-dialer/backend/node_modules/sequelize/lib/dialects/sqlite/query.js:183:12)\n    at /Users/user/sales-dialer/backend/node_modules/sequelize/lib/sequelize.js:315:28\n    at process.processTicksAndRejections (node:internal/process/task_queues:103:5)\n    at async SQLiteQueryInterface.select (/Users/user/sales-dialer/backend/node_modules/sequelize/lib/dialects/abstract/query-interface.js:407:12)\n    at async Call.findAll (/Users/user/sales-dialer/backend/node_modules/sequelize/lib/model.js:1140:21)\n    at async Promise.all (index 1)\n    at async Call.findAndCountAll (/Users/user/sales-dialer/backend/node_modules/sequelize/lib/model.js:1322:27)","timestamp":"2026-06-01 01:27:01","url":"/api/calls?page=1&limit=10&sortBy=startTime&order=desc"}
{"level":"http","message":"::1 - - [31/May/2026:19:57:01 +0000] \"GET /api/calls?page=1&limit=10&sortBy=startTime&order=desc HTTP/1.1\" 400 83 \"http://localhost:5174/\" \"Mozilla/5.0 (Linux; Android 6.0; Nexus 5 Build/MRA58N) AppleWebKit/537.36 (KHTML, like Gecko) Chrome/148.0.0.0 Mobile Safari/537.36\"","service":"sales-dialer-api","timestamp":"2026-06-01 01:27:01"}
{"level":"http","message":"::1 - - [31/May/2026:19:57:01 +0000] \"GET /api/contacts?limit=100 HTTP/1.1\" 200 2248 \"http://localhost:5174/\" \"Mozilla/5.0 (Linux; Android 6.0; Nexus 5 Build/MRA58N) AppleWebKit/537.36 (KHTML, like Gecko) Chrome/148.0.0.0 Mobile Safari/537.36\"","service":"sales-dialer-api","timestamp":"2026-06-01 01:27:01"}
{"ip":"::1","level":"error","message":"Server Error: SQLITE_ERROR: no such column: notes.sentiment","method":"GET","requestId":"req_1780257423325_x6e48c0xs","service":"sales-dialer-api","stack":"Error\n    at Database.<anonymous> (/Users/user/sales-dialer/backend/node_modules/sequelize/lib/dialects/sqlite/query.js:185:27)\n    at /Users/user/sales-dialer/backend/node_modules/sequelize/lib/dialects/sqlite/query.js:183:50\n    at new Promise (<anonymous>)\n    at Query.run (/Users/user/sales-dialer/backend/node_modules/sequelize/lib/dialects/sqlite/query.js:183:12)\n    at /Users/user/sales-dialer/backend/node_modules/sequelize/lib/sequelize.js:315:28\n    at process.processTicksAndRejections (node:internal/process/task_queues:103:5)\n    at async SQLiteQueryInterface.select (/Users/user/sales-dialer/backend/node_modules/sequelize/lib/dialects/abstract/query-interface.js:407:12)\n    at async Call.findAll (/Users/user/sales-dialer/backend/node_modules/sequelize/lib/model.js:1140:21)\n    at async Promise.all (index 1)\n    at async Call.findAndCountAll (/Users/user/sales-dialer/backend/node_modules/sequelize/lib/model.js:1322:27)","timestamp":"2026-06-01 01:27:03","url":"/api/calls?page=1&limit=10&sortBy=startTime&order=desc"}
{"level":"http","message":"::1 - - [31/May/2026:19:57:03 +0000] \"GET /api/calls?page=1&limit=10&sortBy=startTime&order=desc HTTP/1.1\" 400 83 \"http://localhost:5174/\" \"Mozilla/5.0 (Linux; Android 6.0; Nexus 5 Build/MRA58N) AppleWebKit/537.36 (KHTML, like Gecko) Chrome/148.0.0.0 Mobile Safari/537.36\"","service":"sales-dialer-api","timestamp":"2026-06-01 01:27:03"}
{"level":"info","message":"WebSocket server initialized","service":"sales-dialer-api","timestamp":"2026-06-01 01:29:17"}
{"environment":"development","level":"info","message":"Server running on port 5001","port":"5001","service":"sales-dialer-api","timestamp":"2026-06-01 01:29:17"}
{"level":"info","message":"API Documentation available at http://localhost:5001/api/docs","service":"sales-dialer-api","timestamp":"2026-06-01 01:29:17"}
{"level":"info","message":"Database connected successfully","service":"sales-dialer-api","timestamp":"2026-06-01 01:29:17"}
{"level":"info","message":"Database models synchronized","service":"sales-dialer-api","timestamp":"2026-06-01 01:29:17"}
{"level":"info","message":"Server ready to accept connections","service":"sales-dialer-api","timestamp":"2026-06-01 01:29:17"}
{"level":"http","message":"::1 - - [31/May/2026:19:59:28 +0000] \"GET /api/auth/me HTTP/1.1\" 200 323 \"http://localhost:5174/\" \"Mozilla/5.0 (Macintosh; Intel Mac OS X 10_15_7) AppleWebKit/537.36 (KHTML, like Gecko) Chrome/148.0.0.0 Safari/537.36\"","service":"sales-dialer-api","timestamp":"2026-06-01 01:29:28"}
{"level":"http","message":"::1 - - [31/May/2026:19:59:28 +0000] \"GET /api/auth/me HTTP/1.1\" 200 323 \"http://localhost:5174/\" \"Mozilla/5.0 (Macintosh; Intel Mac OS X 10_15_7) AppleWebKit/537.36 (KHTML, like Gecko) Chrome/148.0.0.0 Safari/537.36\"","service":"sales-dialer-api","timestamp":"2026-06-01 01:29:28"}
{"level":"http","message":"::1 - - [31/May/2026:19:59:28 +0000] \"GET /api/dashboard HTTP/1.1\" 200 2220 \"http://localhost:5174/\" \"Mozilla/5.0 (Macintosh; Intel Mac OS X 10_15_7) AppleWebKit/537.36 (KHTML, like Gecko) Chrome/148.0.0.0 Safari/537.36\"","service":"sales-dialer-api","timestamp":"2026-06-01 01:29:28"}
{"ip":"::1","level":"error","message":"Server Error: SQLITE_ERROR: no such column: notes.sentiment","method":"GET","requestId":"req_1780257570081_wvvb1w4pz","service":"sales-dialer-api","stack":"Error\n    at Database.<anonymous> (/Users/user/sales-dialer/backend/node_modules/sequelize/lib/dialects/sqlite/query.js:185:27)\n    at /Users/user/sales-dialer/backend/node_modules/sequelize/lib/dialects/sqlite/query.js:183:50\n    at new Promise (<anonymous>)\n    at Query.run (/Users/user/sales-dialer/backend/node_modules/sequelize/lib/dialects/sqlite/query.js:183:12)\n    at /Users/user/sales-dialer/backend/node_modules/sequelize/lib/sequelize.js:315:28\n    at process.processTicksAndRejections (node:internal/process/task_queues:103:5)\n    at async SQLiteQueryInterface.select (/Users/user/sales-dialer/backend/node_modules/sequelize/lib/dialects/abstract/query-interface.js:407:12)\n    at async Call.findAll (/Users/user/sales-dialer/backend/node_modules/sequelize/lib/model.js:1140:21)\n    at async Promise.all (index 1)\n    at async Call.findAndCountAll (/Users/user/sales-dialer/backend/node_modules/sequelize/lib/model.js:1322:27)","timestamp":"2026-06-01 01:29:30","url":"/api/calls?page=1&limit=10&sortBy=startTime&order=desc"}
{"level":"http","message":"::1 - - [31/May/2026:19:59:30 +0000] \"GET /api/calls?page=1&limit=10&sortBy=startTime&order=desc HTTP/1.1\" 400 83 \"http://localhost:5174/\" \"Mozilla/5.0 (Macintosh; Intel Mac OS X 10_15_7) AppleWebKit/537.36 (KHTML, like Gecko) Chrome/148.0.0.0 Safari/537.36\"","service":"sales-dialer-api","timestamp":"2026-06-01 01:29:30"}
{"level":"http","message":"::1 - - [31/May/2026:19:59:30 +0000] \"GET /api/contacts?limit=100 HTTP/1.1\" 200 2248 \"http://localhost:5174/\" \"Mozilla/5.0 (Macintosh; Intel Mac OS X 10_15_7) AppleWebKit/537.36 (KHTML, like Gecko) Chrome/148.0.0.0 Safari/537.36\"","service":"sales-dialer-api","timestamp":"2026-06-01 01:29:30"}
{"ip":"::1","level":"error","message":"Server Error: SQLITE_ERROR: no such column: notes.sentiment","method":"GET","requestId":"req_1780257571100_c35vi2bt9","service":"sales-dialer-api","stack":"Error\n    at Database.<anonymous> (/Users/user/sales-dialer/backend/node_modules/sequelize/lib/dialects/sqlite/query.js:185:27)\n    at /Users/user/sales-dialer/backend/node_modules/sequelize/lib/dialects/sqlite/query.js:183:50\n    at new Promise (<anonymous>)\n    at Query.run (/Users/user/sales-dialer/backend/node_modules/sequelize/lib/dialects/sqlite/query.js:183:12)\n    at /Users/user/sales-dialer/backend/node_modules/sequelize/lib/sequelize.js:315:28\n    at process.processTicksAndRejections (node:internal/process/task_queues:103:5)\n    at async SQLiteQueryInterface.select (/Users/user/sales-dialer/backend/node_modules/sequelize/lib/dialects/abstract/query-interface.js:407:12)\n    at async Call.findAll (/Users/user/sales-dialer/backend/node_modules/sequelize/lib/model.js:1140:21)\n    at async Promise.all (index 1)\n    at async Call.findAndCountAll (/Users/user/sales-dialer/backend/node_modules/sequelize/lib/model.js:1322:27)","timestamp":"2026-06-01 01:29:31","url":"/api/calls?page=1&limit=10&sortBy=startTime&order=desc"}
{"level":"http","message":"::1 - - [31/May/2026:19:59:31 +0000] \"GET /api/calls?page=1&limit=10&sortBy=startTime&order=desc HTTP/1.1\" 400 83 \"http://localhost:5174/\" \"Mozilla/5.0 (Macintosh; Intel Mac OS X 10_15_7) AppleWebKit/537.36 (KHTML, like Gecko) Chrome/148.0.0.0 Safari/537.36\"","service":"sales-dialer-api","timestamp":"2026-06-01 01:29:31"}
{"level":"http","message":"::1 - - [31/May/2026:19:59:37 +0000] \"GET /api/auth/me HTTP/1.1\" 200 323 \"http://localhost:5174/\" \"Mozilla/5.0 (Linux; Android 6.0; Nexus 5 Build/MRA58N) AppleWebKit/537.36 (KHTML, like Gecko) Chrome/148.0.0.0 Mobile Safari/537.36\"","service":"sales-dialer-api","timestamp":"2026-06-01 01:29:37"}
{"level":"http","message":"::1 - - [31/May/2026:19:59:38 +0000] \"GET /api/auth/me HTTP/1.1\" 200 323 \"http://localhost:5174/\" \"Mozilla/5.0 (Linux; Android 6.0; Nexus 5 Build/MRA58N) AppleWebKit/537.36 (KHTML, like Gecko) Chrome/148.0.0.0 Mobile Safari/537.36\"","service":"sales-dialer-api","timestamp":"2026-06-01 01:29:38"}
{"level":"http","message":"::1 - - [31/May/2026:19:59:38 +0000] \"GET /api/contacts?limit=100 HTTP/1.1\" 200 2248 \"http://localhost:5174/\" \"Mozilla/5.0 (Linux; Android 6.0; Nexus 5 Build/MRA58N) AppleWebKit/537.36 (KHTML, like Gecko) Chrome/148.0.0.0 Mobile Safari/537.36\"","service":"sales-dialer-api","timestamp":"2026-06-01 01:29:38"}
{"ip":"::1","level":"error","message":"Server Error: SQLITE_ERROR: no such column: notes.sentiment","method":"GET","requestId":"req_1780257578532_7178x8qi0","service":"sales-dialer-api","stack":"Error\n    at Database.<anonymous> (/Users/user/sales-dialer/backend/node_modules/sequelize/lib/dialects/sqlite/query.js:185:27)\n    at /Users/user/sales-dialer/backend/node_modules/sequelize/lib/dialects/sqlite/query.js:183:50\n    at new Promise (<anonymous>)\n    at Query.run (/Users/user/sales-dialer/backend/node_modules/sequelize/lib/dialects/sqlite/query.js:183:12)\n    at /Users/user/sales-dialer/backend/node_modules/sequelize/lib/sequelize.js:315:28\n    at process.processTicksAndRejections (node:internal/process/task_queues:103:5)\n    at async SQLiteQueryInterface.select (/Users/user/sales-dialer/backend/node_modules/sequelize/lib/dialects/abstract/query-interface.js:407:12)\n    at async Call.findAll (/Users/user/sales-dialer/backend/node_modules/sequelize/lib/model.js:1140:21)\n    at async Promise.all (index 1)\n    at async Call.findAndCountAll (/Users/user/sales-dialer/backend/node_modules/sequelize/lib/model.js:1322:27)","timestamp":"2026-06-01 01:29:38","url":"/api/calls?page=1&limit=10&sortBy=startTime&order=desc"}
{"level":"http","message":"::1 - - [31/May/2026:19:59:38 +0000] \"GET /api/calls?page=1&limit=10&sortBy=startTime&order=desc HTTP/1.1\" 400 83 \"http://localhost:5174/\" \"Mozilla/5.0 (Linux; Android 6.0; Nexus 5 Build/MRA58N) AppleWebKit/537.36 (KHTML, like Gecko) Chrome/148.0.0.0 Mobile Safari/537.36\"","service":"sales-dialer-api","timestamp":"2026-06-01 01:29:38"}
{"ip":"::1","level":"error","message":"Server Error: SQLITE_ERROR: no such column: notes.sentiment","method":"GET","requestId":"req_1780257580112_p8gkma8w5","service":"sales-dialer-api","stack":"Error\n    at Database.<anonymous> (/Users/user/sales-dialer/backend/node_modules/sequelize/lib/dialects/sqlite/query.js:185:27)\n    at /Users/user/sales-dialer/backend/node_modules/sequelize/lib/dialects/sqlite/query.js:183:50\n    at new Promise (<anonymous>)\n    at Query.run (/Users/user/sales-dialer/backend/node_modules/sequelize/lib/dialects/sqlite/query.js:183:12)\n    at /Users/user/sales-dialer/backend/node_modules/sequelize/lib/sequelize.js:315:28\n    at process.processTicksAndRejections (node:internal/process/task_queues:103:5)\n    at async SQLiteQueryInterface.select (/Users/user/sales-dialer/backend/node_modules/sequelize/lib/dialects/abstract/query-interface.js:407:12)\n    at async Call.findAll (/Users/user/sales-dialer/backend/node_modules/sequelize/lib/model.js:1140:21)\n    at async Promise.all (index 1)\n    at async Call.findAndCountAll (/Users/user/sales-dialer/backend/node_modules/sequelize/lib/model.js:1322:27)","timestamp":"2026-06-01 01:29:40","url":"/api/calls?page=1&limit=10&sortBy=startTime&order=desc"}
{"level":"http","message":"::1 - - [31/May/2026:19:59:40 +0000] \"GET /api/calls?page=1&limit=10&sortBy=startTime&order=desc HTTP/1.1\" 400 83 \"http://localhost:5174/\" \"Mozilla/5.0 (Linux; Android 6.0; Nexus 5 Build/MRA58N) AppleWebKit/537.36 (KHTML, like Gecko) Chrome/148.0.0.0 Mobile Safari/537.36\"","service":"sales-dialer-api","timestamp":"2026-06-01 01:29:40"}
{"level":"info","message":"WebSocket server initialized","service":"sales-dialer-api","timestamp":"2026-06-01 01:31:10"}
{"environment":"development","level":"info","message":"Server running on port 5001","port":"5001","service":"sales-dialer-api","timestamp":"2026-06-01 01:31:10"}
{"level":"info","message":"API Documentation available at http://localhost:5001/api/docs","service":"sales-dialer-api","timestamp":"2026-06-01 01:31:10"}
{"level":"info","message":"Database connected successfully","service":"sales-dialer-api","timestamp":"2026-06-01 01:31:10"}
{"level":"info","message":"Database models synchronized","service":"sales-dialer-api","timestamp":"2026-06-01 01:31:10"}
{"level":"info","message":"Server ready to accept connections","service":"sales-dialer-api","timestamp":"2026-06-01 01:31:10"}
{"level":"http","message":"::1 - - [31/May/2026:20:01:22 +0000] \"GET /api/auth/me HTTP/1.1\" 200 323 \"http://localhost:5174/\" \"Mozilla/5.0 (Macintosh; Intel Mac OS X 10_15_7) AppleWebKit/537.36 (KHTML, like Gecko) Chrome/148.0.0.0 Safari/537.36\"","service":"sales-dialer-api","timestamp":"2026-06-01 01:31:22"}
{"level":"http","message":"::1 - - [31/May/2026:20:01:22 +0000] \"GET /api/auth/me HTTP/1.1\" 200 323 \"http://localhost:5174/\" \"Mozilla/5.0 (Macintosh; Intel Mac OS X 10_15_7) AppleWebKit/537.36 (KHTML, like Gecko) Chrome/148.0.0.0 Safari/537.36\"","service":"sales-dialer-api","timestamp":"2026-06-01 01:31:22"}
{"level":"http","message":"::1 - - [31/May/2026:20:01:22 +0000] \"GET /api/dashboard HTTP/1.1\" 200 2220 \"http://localhost:5174/\" \"Mozilla/5.0 (Macintosh; Intel Mac OS X 10_15_7) AppleWebKit/537.36 (KHTML, like Gecko) Chrome/148.0.0.0 Safari/537.36\"","service":"sales-dialer-api","timestamp":"2026-06-01 01:31:22"}
{"level":"http","message":"::1 - - [31/May/2026:20:01:24 +0000] \"GET /api/calls?page=1&limit=10&sortBy=startTime&order=desc HTTP/1.1\" 200 2132 \"http://localhost:5174/\" \"Mozilla/5.0 (Macintosh; Intel Mac OS X 10_15_7) AppleWebKit/537.36 (KHTML, like Gecko) Chrome/148.0.0.0 Safari/537.36\"","service":"sales-dialer-api","timestamp":"2026-06-01 01:31:24"}
{"level":"http","message":"::1 - - [31/May/2026:20:01:24 +0000] \"GET /api/contacts?limit=100 HTTP/1.1\" 200 2248 \"http://localhost:5174/\" \"Mozilla/5.0 (Macintosh; Intel Mac OS X 10_15_7) AppleWebKit/537.36 (KHTML, like Gecko) Chrome/148.0.0.0 Safari/537.36\"","service":"sales-dialer-api","timestamp":"2026-06-01 01:31:24"}
{"level":"http","message":"::1 - - [31/May/2026:20:01:28 +0000] \"GET /api/calls/b170b670-50de-4bb8-a4a3-46cab32bf7e5/notes HTTP/1.1\" 200 518 \"http://localhost:5174/\" \"Mozilla/5.0 (Macintosh; Intel Mac OS X 10_15_7) AppleWebKit/537.36 (KHTML, like Gecko) Chrome/148.0.0.0 Safari/537.36\"","service":"sales-dialer-api","timestamp":"2026-06-01 01:31:28"}
{"level":"http","message":"::1 - - [31/May/2026:20:01:31 +0000] \"GET /api/dashboard HTTP/1.1\" 200 2220 \"http://localhost:5174/\" \"Mozilla/5.0 (Macintosh; Intel Mac OS X 10_15_7) AppleWebKit/537.36 (KHTML, like Gecko) Chrome/148.0.0.0 Safari/537.36\"","service":"sales-dialer-api","timestamp":"2026-06-01 01:31:31"}
{"level":"http","message":"::1 - - [31/May/2026:20:03:45 +0000] \"GET /api/auth/me HTTP/1.1\" 200 323 \"http://localhost:5174/\" \"Mozilla/5.0 (Macintosh; Intel Mac OS X 10_15_7) AppleWebKit/537.36 (KHTML, like Gecko) Chrome/148.0.0.0 Safari/537.36\"","service":"sales-dialer-api","timestamp":"2026-06-01 01:33:45"}
{"level":"http","message":"::1 - - [31/May/2026:20:03:45 +0000] \"GET /api/auth/me HTTP/1.1\" 200 323 \"http://localhost:5174/\" \"Mozilla/5.0 (Macintosh; Intel Mac OS X 10_15_7) AppleWebKit/537.36 (KHTML, like Gecko) Chrome/148.0.0.0 Safari/537.36\"","service":"sales-dialer-api","timestamp":"2026-06-01 01:33:45"}
{"level":"http","message":"::1 - - [31/May/2026:20:03:45 +0000] \"GET /api/dashboard HTTP/1.1\" 200 2220 \"http://localhost:5174/\" \"Mozilla/5.0 (Macintosh; Intel Mac OS X 10_15_7) AppleWebKit/537.36 (KHTML, like Gecko) Chrome/148.0.0.0 Safari/537.36\"","service":"sales-dialer-api","timestamp":"2026-06-01 01:33:45"}
{"level":"http","message":"::1 - - [31/May/2026:20:07:00 +0000] \"GET /api/dashboard HTTP/1.1\" 200 2220 \"http://localhost:5174/\" \"Mozilla/5.0 (Macintosh; Intel Mac OS X 10_15_7) AppleWebKit/537.36 (KHTML, like Gecko) Chrome/148.0.0.0 Safari/537.36\"","service":"sales-dialer-api","timestamp":"2026-06-01 01:37:00"}
{"level":"http","message":"::1 - - [31/May/2026:20:24:05 +0000] \"GET /api/auth/me HTTP/1.1\" 200 323 \"http://localhost:5174/\" \"Mozilla/5.0 (Macintosh; Intel Mac OS X 10_15_7) AppleWebKit/537.36 (KHTML, like Gecko) Chrome/148.0.0.0 Safari/537.36\"","service":"sales-dialer-api","timestamp":"2026-06-01 01:54:05"}
{"level":"http","message":"::1 - - [31/May/2026:20:24:05 +0000] \"GET /api/auth/me HTTP/1.1\" 200 323 \"http://localhost:5174/\" \"Mozilla/5.0 (Macintosh; Intel Mac OS X 10_15_7) AppleWebKit/537.36 (KHTML, like Gecko) Chrome/148.0.0.0 Safari/537.36\"","service":"sales-dialer-api","timestamp":"2026-06-01 01:54:05"}
{"level":"http","message":"::1 - - [31/May/2026:20:24:05 +0000] \"GET /api/dashboard HTTP/1.1\" 200 2220 \"http://localhost:5174/\" \"Mozilla/5.0 (Macintosh; Intel Mac OS X 10_15_7) AppleWebKit/537.36 (KHTML, like Gecko) Chrome/148.0.0.0 Safari/537.36\"","service":"sales-dialer-api","timestamp":"2026-06-01 01:54:05"}
{"level":"http","message":"::1 - - [31/May/2026:20:24:08 +0000] \"GET /api/contacts?page=1&limit=10 HTTP/1.1\" 200 2247 \"http://localhost:5174/\" \"Mozilla/5.0 (Macintosh; Intel Mac OS X 10_15_7) AppleWebKit/537.36 (KHTML, like Gecko) Chrome/148.0.0.0 Safari/537.36\"","service":"sales-dialer-api","timestamp":"2026-06-01 01:54:08"}
{"level":"http","message":"::1 - - [31/May/2026:20:24:09 +0000] \"GET /api/contacts?limit=100 HTTP/1.1\" 200 2248 \"http://localhost:5174/\" \"Mozilla/5.0 (Macintosh; Intel Mac OS X 10_15_7) AppleWebKit/537.36 (KHTML, like Gecko) Chrome/148.0.0.0 Safari/537.36\"","service":"sales-dialer-api","timestamp":"2026-06-01 01:54:09"}
{"level":"http","message":"::1 - - [31/May/2026:20:24:09 +0000] \"GET /api/contacts?limit=100 HTTP/1.1\" 200 2248 \"http://localhost:5174/\" \"Mozilla/5.0 (Macintosh; Intel Mac OS X 10_15_7) AppleWebKit/537.36 (KHTML, like Gecko) Chrome/148.0.0.0 Safari/537.36\"","service":"sales-dialer-api","timestamp":"2026-06-01 01:54:09"}
{"level":"http","message":"::1 - - [31/May/2026:20:24:09 +0000] \"GET /api/calls?page=1&limit=10&sortBy=startTime&order=desc HTTP/1.1\" 200 2132 \"http://localhost:5174/\" \"Mozilla/5.0 (Macintosh; Intel Mac OS X 10_15_7) AppleWebKit/537.36 (KHTML, like Gecko) Chrome/148.0.0.0 Safari/537.36\"","service":"sales-dialer-api","timestamp":"2026-06-01 01:54:09"}
{"level":"http","message":"::1 - - [31/May/2026:20:24:11 +0000] \"GET /api/dashboard HTTP/1.1\" 200 2220 \"http://localhost:5174/\" \"Mozilla/5.0 (Macintosh; Intel Mac OS X 10_15_7) AppleWebKit/537.36 (KHTML, like Gecko) Chrome/148.0.0.0 Safari/537.36\"","service":"sales-dialer-api","timestamp":"2026-06-01 01:54:11"}
{"level":"http","message":"::1 - - [31/May/2026:20:24:25 +0000] \"GET /api/auth/me HTTP/1.1\" 200 323 \"http://localhost:5174/\" \"Mozilla/5.0 (Macintosh; Intel Mac OS X 10_15_7) AppleWebKit/537.36 (KHTML, like Gecko) Chrome/148.0.0.0 Safari/537.36\"","service":"sales-dialer-api","timestamp":"2026-06-01 01:54:25"}
{"level":"http","message":"::1 - - [31/May/2026:20:24:25 +0000] \"GET /api/auth/me HTTP/1.1\" 200 323 \"http://localhost:5174/\" \"Mozilla/5.0 (Macintosh; Intel Mac OS X 10_15_7) AppleWebKit/537.36 (KHTML, like Gecko) Chrome/148.0.0.0 Safari/537.36\"","service":"sales-dialer-api","timestamp":"2026-06-01 01:54:25"}
{"level":"http","message":"::1 - - [31/May/2026:20:24:25 +0000] \"GET /api/dashboard HTTP/1.1\" 200 2220 \"http://localhost:5174/\" \"Mozilla/5.0 (Macintosh; Intel Mac OS X 10_15_7) AppleWebKit/537.36 (KHTML, like Gecko) Chrome/148.0.0.0 Safari/537.36\"","service":"sales-dialer-api","timestamp":"2026-06-01 01:54:25"}
{"level":"http","message":"::1 - - [01/Jun/2026:04:03:32 +0000] \"GET /api/contacts?page=1&limit=10 HTTP/1.1\" 200 2247 \"http://localhost:5174/\" \"Mozilla/5.0 (Macintosh; Intel Mac OS X 10_15_7) AppleWebKit/537.36 (KHTML, like Gecko) Chrome/148.0.0.0 Safari/537.36\"","service":"sales-dialer-api","timestamp":"2026-06-01 09:33:32"}
{"level":"http","message":"::1 - - [01/Jun/2026:04:03:35 +0000] \"GET /api/contacts?limit=100 HTTP/1.1\" 200 2248 \"http://localhost:5174/\" \"Mozilla/5.0 (Macintosh; Intel Mac OS X 10_15_7) AppleWebKit/537.36 (KHTML, like Gecko) Chrome/148.0.0.0 Safari/537.36\"","service":"sales-dialer-api","timestamp":"2026-06-01 09:33:35"}
{"level":"http","message":"::1 - - [01/Jun/2026:04:03:41 +0000] \"GET /api/contacts/12967ce2-9044-4687-8090-4d7ab34fc52b HTTP/1.1\" 200 375 \"http://localhost:5174/\" \"Mozilla/5.0 (Macintosh; Intel Mac OS X 10_15_7) AppleWebKit/537.36 (KHTML, like Gecko) Chrome/148.0.0.0 Safari/537.36\"","service":"sales-dialer-api","timestamp":"2026-06-01 09:33:41"}
{"level":"http","message":"::1 - - [01/Jun/2026:04:03:43 +0000] \"POST /api/calls/start HTTP/1.1\" 201 692 \"http://localhost:5174/\" \"Mozilla/5.0 (Macintosh; Intel Mac OS X 10_15_7) AppleWebKit/537.36 (KHTML, like Gecko) Chrome/148.0.0.0 Safari/537.36\"","service":"sales-dialer-api","timestamp":"2026-06-01 09:33:43"}
{"level":"http","message":"::1 - - [01/Jun/2026:04:03:48 +0000] \"POST /api/calls/end HTTP/1.1\" 200 414 \"http://localhost:5174/\" \"Mozilla/5.0 (Macintosh; Intel Mac OS X 10_15_7) AppleWebKit/537.36 (KHTML, like Gecko) Chrome/148.0.0.0 Safari/537.36\"","service":"sales-dialer-api","timestamp":"2026-06-01 09:33:48"}
{"level":"http","message":"::1 - - [01/Jun/2026:04:03:54 +0000] \"POST /api/calls/e55b5ba3-ed12-4461-b6b3-538dc14279b0/notes HTTP/1.1\" 201 515 \"http://localhost:5174/\" \"Mozilla/5.0 (Macintosh; Intel Mac OS X 10_15_7) AppleWebKit/537.36 (KHTML, like Gecko) Chrome/148.0.0.0 Safari/537.36\"","service":"sales-dialer-api","timestamp":"2026-06-01 09:33:54"}
{"level":"http","message":"::1 - - [01/Jun/2026:04:03:59 +0000] \"GET /api/contacts?limit=100 HTTP/1.1\" 200 2248 \"http://localhost:5174/\" \"Mozilla/5.0 (Macintosh; Intel Mac OS X 10_15_7) AppleWebKit/537.36 (KHTML, like Gecko) Chrome/148.0.0.0 Safari/537.36\"","service":"sales-dialer-api","timestamp":"2026-06-01 09:33:59"}
{"level":"http","message":"::1 - - [01/Jun/2026:04:03:59 +0000] \"GET /api/calls?page=1&limit=10&sortBy=startTime&order=desc HTTP/1.1\" 200 2922 \"http://localhost:5174/\" \"Mozilla/5.0 (Macintosh; Intel Mac OS X 10_15_7) AppleWebKit/537.36 (KHTML, like Gecko) Chrome/148.0.0.0 Safari/537.36\"","service":"sales-dialer-api","timestamp":"2026-06-01 09:33:59"}
{"level":"http","message":"::1 - - [01/Jun/2026:04:04:03 +0000] \"GET /api/calls/e55b5ba3-ed12-4461-b6b3-538dc14279b0/notes HTTP/1.1\" 200 522 \"http://localhost:5174/\" \"Mozilla/5.0 (Macintosh; Intel Mac OS X 10_15_7) AppleWebKit/537.36 (KHTML, like Gecko) Chrome/148.0.0.0 Safari/537.36\"","service":"sales-dialer-api","timestamp":"2026-06-01 09:34:03"}
{"level":"http","message":"::1 - - [01/Jun/2026:04:04:09 +0000] \"GET /api/calls/2d0bbb61-82a2-43c4-a463-dbd74f33f59d/notes HTTP/1.1\" 200 389 \"http://localhost:5174/\" \"Mozilla/5.0 (Macintosh; Intel Mac OS X 10_15_7) AppleWebKit/537.36 (KHTML, like Gecko) Chrome/148.0.0.0 Safari/537.36\"","service":"sales-dialer-api","timestamp":"2026-06-01 09:34:09"}
{"level":"http","message":"::1 - - [01/Jun/2026:04:04:12 +0000] \"GET /api/auth/me HTTP/1.1\" 200 323 \"http://localhost:5174/\" \"Mozilla/5.0 (Macintosh; Intel Mac OS X 10_15_7) AppleWebKit/537.36 (KHTML, like Gecko) Chrome/148.0.0.0 Safari/537.36\"","service":"sales-dialer-api","timestamp":"2026-06-01 09:34:12"}
{"level":"http","message":"::1 - - [01/Jun/2026:04:04:12 +0000] \"GET /api/auth/me HTTP/1.1\" 200 323 \"http://localhost:5174/\" \"Mozilla/5.0 (Macintosh; Intel Mac OS X 10_15_7) AppleWebKit/537.36 (KHTML, like Gecko) Chrome/148.0.0.0 Safari/537.36\"","service":"sales-dialer-api","timestamp":"2026-06-01 09:34:12"}
{"level":"http","message":"::1 - - [01/Jun/2026:04:04:12 +0000] \"GET /api/contacts?limit=100 HTTP/1.1\" 200 2248 \"http://localhost:5174/\" \"Mozilla/5.0 (Macintosh; Intel Mac OS X 10_15_7) AppleWebKit/537.36 (KHTML, like Gecko) Chrome/148.0.0.0 Safari/537.36\"","service":"sales-dialer-api","timestamp":"2026-06-01 09:34:12"}
{"level":"http","message":"::1 - - [01/Jun/2026:04:04:12 +0000] \"GET /api/calls?page=1&limit=10&sortBy=startTime&order=desc HTTP/1.1\" 200 2922 \"http://localhost:5174/\" \"Mozilla/5.0 (Macintosh; Intel Mac OS X 10_15_7) AppleWebKit/537.36 (KHTML, like Gecko) Chrome/148.0.0.0 Safari/537.36\"","service":"sales-dialer-api","timestamp":"2026-06-01 09:34:12"}
{"level":"http","message":"::1 - - [01/Jun/2026:04:04:13 +0000] \"GET /api/calls/e55b5ba3-ed12-4461-b6b3-538dc14279b0/notes HTTP/1.1\" 200 522 \"http://localhost:5174/\" \"Mozilla/5.0 (Macintosh; Intel Mac OS X 10_15_7) AppleWebKit/537.36 (KHTML, like Gecko) Chrome/148.0.0.0 Safari/537.36\"","service":"sales-dialer-api","timestamp":"2026-06-01 09:34:13"}
{"level":"http","message":"::1 - - [01/Jun/2026:04:04:20 +0000] \"GET /api/contacts?limit=100 HTTP/1.1\" 200 2248 \"http://localhost:5174/\" \"Mozilla/5.0 (Macintosh; Intel Mac OS X 10_15_7) AppleWebKit/537.36 (KHTML, like Gecko) Chrome/148.0.0.0 Safari/537.36\"","service":"sales-dialer-api","timestamp":"2026-06-01 09:34:20"}
{"level":"http","message":"::1 - - [01/Jun/2026:04:04:24 +0000] \"GET /api/contacts/f8fcc342-d29c-4c31-9f0e-b9d610e22c62 HTTP/1.1\" 200 392 \"http://localhost:5174/\" \"Mozilla/5.0 (Macintosh; Intel Mac OS X 10_15_7) AppleWebKit/537.36 (KHTML, like Gecko) Chrome/148.0.0.0 Safari/537.36\"","service":"sales-dialer-api","timestamp":"2026-06-01 09:34:24"}
{"level":"http","message":"::1 - - [01/Jun/2026:04:04:25 +0000] \"POST /api/calls/start HTTP/1.1\" 201 709 \"http://localhost:5174/\" \"Mozilla/5.0 (Macintosh; Intel Mac OS X 10_15_7) AppleWebKit/537.36 (KHTML, like Gecko) Chrome/148.0.0.0 Safari/537.36\"","service":"sales-dialer-api","timestamp":"2026-06-01 09:34:25"}
{"level":"http","message":"::1 - - [01/Jun/2026:04:04:31 +0000] \"POST /api/calls/end HTTP/1.1\" 200 414 \"http://localhost:5174/\" \"Mozilla/5.0 (Macintosh; Intel Mac OS X 10_15_7) AppleWebKit/537.36 (KHTML, like Gecko) Chrome/148.0.0.0 Safari/537.36\"","service":"sales-dialer-api","timestamp":"2026-06-01 09:34:31"}
{"level":"http","message":"::1 - - [01/Jun/2026:04:04:37 +0000] \"POST /api/calls/e4f5525e-02f9-4a2c-95c1-4a3ecf8eabb5/notes HTTP/1.1\" 201 521 \"http://localhost:5174/\" \"Mozilla/5.0 (Macintosh; Intel Mac OS X 10_15_7) AppleWebKit/537.36 (KHTML, like Gecko) Chrome/148.0.0.0 Safari/537.36\"","service":"sales-dialer-api","timestamp":"2026-06-01 09:34:37"}
{"level":"http","message":"::1 - - [01/Jun/2026:04:04:39 +0000] \"GET /api/calls?page=1&limit=10&sortBy=startTime&order=desc HTTP/1.1\" 200 3735 \"http://localhost:5174/\" \"Mozilla/5.0 (Macintosh; Intel Mac OS X 10_15_7) AppleWebKit/537.36 (KHTML, like Gecko) Chrome/148.0.0.0 Safari/537.36\"","service":"sales-dialer-api","timestamp":"2026-06-01 09:34:39"}
{"level":"http","message":"::1 - - [01/Jun/2026:04:04:39 +0000] \"GET /api/contacts?limit=100 HTTP/1.1\" 200 2248 \"http://localhost:5174/\" \"Mozilla/5.0 (Macintosh; Intel Mac OS X 10_15_7) AppleWebKit/537.36 (KHTML, like Gecko) Chrome/148.0.0.0 Safari/537.36\"","service":"sales-dialer-api","timestamp":"2026-06-01 09:34:39"}
{"level":"http","message":"::1 - - [01/Jun/2026:04:04:41 +0000] \"GET /api/calls/e4f5525e-02f9-4a2c-95c1-4a3ecf8eabb5/notes HTTP/1.1\" 200 528 \"http://localhost:5174/\" \"Mozilla/5.0 (Macintosh; Intel Mac OS X 10_15_7) AppleWebKit/537.36 (KHTML, like Gecko) Chrome/148.0.0.0 Safari/537.36\"","service":"sales-dialer-api","timestamp":"2026-06-01 09:34:41"}
{"ip":"::1","level":"error","message":"Server Error: SQLITE_ERROR: no such column: Call.date","method":"GET","requestId":"req_1780286692003_m6tp7xyax","service":"sales-dialer-api","stack":"Error\n    at Database.<anonymous> (/Users/user/sales-dialer/backend/node_modules/sequelize/lib/dialects/sqlite/query.js:185:27)\n    at /Users/user/sales-dialer/backend/node_modules/sequelize/lib/dialects/sqlite/query.js:183:50\n    at new Promise (<anonymous>)\n    at Query.run (/Users/user/sales-dialer/backend/node_modules/sequelize/lib/dialects/sqlite/query.js:183:12)\n    at /Users/user/sales-dialer/backend/node_modules/sequelize/lib/sequelize.js:315:28\n    at process.processTicksAndRejections (node:internal/process/task_queues:103:5)\n    at async SQLiteQueryInterface.select (/Users/user/sales-dialer/backend/node_modules/sequelize/lib/dialects/abstract/query-interface.js:407:12)\n    at async Call.findAll (/Users/user/sales-dialer/backend/node_modules/sequelize/lib/model.js:1140:21)\n    at async Promise.all (index 1)\n    at async Call.findAndCountAll (/Users/user/sales-dialer/backend/node_modules/sequelize/lib/model.js:1322:27)","timestamp":"2026-06-01 09:34:52","url":"/api/calls?page=1&limit=10&sortBy=date&order=asc"}
{"level":"http","message":"::1 - - [01/Jun/2026:04:04:52 +0000] \"GET /api/calls?page=1&limit=10&sortBy=date&order=asc HTTP/1.1\" 400 83 \"http://localhost:5174/\" \"Mozilla/5.0 (Macintosh; Intel Mac OS X 10_15_7) AppleWebKit/537.36 (KHTML, like Gecko) Chrome/148.0.0.0 Safari/537.36\"","service":"sales-dialer-api","timestamp":"2026-06-01 09:34:52"}
{"ip":"::1","level":"error","message":"Server Error: SQLITE_ERROR: no such column: Call.date","method":"GET","requestId":"req_1780286693028_j1vrex5d4","service":"sales-dialer-api","stack":"Error\n    at Database.<anonymous> (/Users/user/sales-dialer/backend/node_modules/sequelize/lib/dialects/sqlite/query.js:185:27)\n    at /Users/user/sales-dialer/backend/node_modules/sequelize/lib/dialects/sqlite/query.js:183:50\n    at new Promise (<anonymous>)\n    at Query.run (/Users/user/sales-dialer/backend/node_modules/sequelize/lib/dialects/sqlite/query.js:183:12)\n    at /Users/user/sales-dialer/backend/node_modules/sequelize/lib/sequelize.js:315:28\n    at process.processTicksAndRejections (node:internal/process/task_queues:103:5)\n    at async SQLiteQueryInterface.select (/Users/user/sales-dialer/backend/node_modules/sequelize/lib/dialects/abstract/query-interface.js:407:12)\n    at async Call.findAll (/Users/user/sales-dialer/backend/node_modules/sequelize/lib/model.js:1140:21)\n    at async Promise.all (index 1)\n    at async Call.findAndCountAll (/Users/user/sales-dialer/backend/node_modules/sequelize/lib/model.js:1322:27)","timestamp":"2026-06-01 09:34:53","url":"/api/calls?page=1&limit=10&sortBy=date&order=asc"}
{"level":"http","message":"::1 - - [01/Jun/2026:04:04:53 +0000] \"GET /api/calls?page=1&limit=10&sortBy=date&order=asc HTTP/1.1\" 400 83 \"http://localhost:5174/\" \"Mozilla/5.0 (Macintosh; Intel Mac OS X 10_15_7) AppleWebKit/537.36 (KHTML, like Gecko) Chrome/148.0.0.0 Safari/537.36\"","service":"sales-dialer-api","timestamp":"2026-06-01 09:34:53"}
{"level":"http","message":"::1 - - [01/Jun/2026:04:04:55 +0000] \"GET /api/calls?page=1&limit=10&sortBy=duration&order=desc HTTP/1.1\" 200 3735 \"http://localhost:5174/\" \"Mozilla/5.0 (Macintosh; Intel Mac OS X 10_15_7) AppleWebKit/537.36 (KHTML, like Gecko) Chrome/148.0.0.0 Safari/537.36\"","service":"sales-dialer-api","timestamp":"2026-06-01 09:34:55"}
{"level":"http","message":"::1 - - [01/Jun/2026:04:04:57 +0000] \"GET /api/calls?page=1&limit=10&sortBy=duration&order=asc HTTP/1.1\" 200 3735 \"http://localhost:5174/\" \"Mozilla/5.0 (Macintosh; Intel Mac OS X 10_15_7) AppleWebKit/537.36 (KHTML, like Gecko) Chrome/148.0.0.0 Safari/537.36\"","service":"sales-dialer-api","timestamp":"2026-06-01 09:34:57"}
{"ip":"::1","level":"error","message":"Server Error: SQLITE_ERROR: no such column: Call.date","method":"GET","requestId":"req_1780286700779_6q7c3od7a","service":"sales-dialer-api","stack":"Error\n    at Database.<anonymous> (/Users/user/sales-dialer/backend/node_modules/sequelize/lib/dialects/sqlite/query.js:185:27)\n    at /Users/user/sales-dialer/backend/node_modules/sequelize/lib/dialects/sqlite/query.js:183:50\n    at new Promise (<anonymous>)\n    at Query.run (/Users/user/sales-dialer/backend/node_modules/sequelize/lib/dialects/sqlite/query.js:183:12)\n    at /Users/user/sales-dialer/backend/node_modules/sequelize/lib/sequelize.js:315:28\n    at process.processTicksAndRejections (node:internal/process/task_queues:103:5)\n    at async SQLiteQueryInterface.select (/Users/user/sales-dialer/backend/node_modules/sequelize/lib/dialects/abstract/query-interface.js:407:12)\n    at async Call.findAll (/Users/user/sales-dialer/backend/node_modules/sequelize/lib/model.js:1140:21)\n    at async Promise.all (index 1)\n    at async Call.findAndCountAll (/Users/user/sales-dialer/backend/node_modules/sequelize/lib/model.js:1322:27)","timestamp":"2026-06-01 09:35:00","url":"/api/calls?page=1&limit=10&sortBy=date&order=desc"}
{"level":"http","message":"::1 - - [01/Jun/2026:04:05:00 +0000] \"GET /api/calls?page=1&limit=10&sortBy=date&order=desc HTTP/1.1\" 400 83 \"http://localhost:5174/\" \"Mozilla/5.0 (Macintosh; Intel Mac OS X 10_15_7) AppleWebKit/537.36 (KHTML, like Gecko) Chrome/148.0.0.0 Safari/537.36\"","service":"sales-dialer-api","timestamp":"2026-06-01 09:35:00"}
{"ip":"::1","level":"error","message":"Server Error: SQLITE_ERROR: no such column: Call.date","method":"GET","requestId":"req_1780286701790_n1yorndnb","service":"sales-dialer-api","stack":"Error\n    at Database.<anonymous> (/Users/user/sales-dialer/backend/node_modules/sequelize/lib/dialects/sqlite/query.js:185:27)\n    at /Users/user/sales-dialer/backend/node_modules/sequelize/lib/dialects/sqlite/query.js:183:50\n    at new Promise (<anonymous>)\n    at Query.run (/Users/user/sales-dialer/backend/node_modules/sequelize/lib/dialects/sqlite/query.js:183:12)\n    at /Users/user/sales-dialer/backend/node_modules/sequelize/lib/sequelize.js:315:28\n    at process.processTicksAndRejections (node:internal/process/task_queues:103:5)\n    at async SQLiteQueryInterface.select (/Users/user/sales-dialer/backend/node_modules/sequelize/lib/dialects/abstract/query-interface.js:407:12)\n    at async Call.findAll (/Users/user/sales-dialer/backend/node_modules/sequelize/lib/model.js:1140:21)\n    at async Promise.all (index 1)\n    at async Call.findAndCountAll (/Users/user/sales-dialer/backend/node_modules/sequelize/lib/model.js:1322:27)","timestamp":"2026-06-01 09:35:01","url":"/api/calls?page=1&limit=10&sortBy=date&order=desc"}
{"level":"http","message":"::1 - - [01/Jun/2026:04:05:01 +0000] \"GET /api/calls?page=1&limit=10&sortBy=date&order=desc HTTP/1.1\" 400 83 \"http://localhost:5174/\" \"Mozilla/5.0 (Macintosh; Intel Mac OS X 10_15_7) AppleWebKit/537.36 (KHTML, like Gecko) Chrome/148.0.0.0 Safari/537.36\"","service":"sales-dialer-api","timestamp":"2026-06-01 09:35:01"}
{"level":"http","message":"::1 - - [01/Jun/2026:04:05:08 +0000] \"GET /api/calls?page=1&limit=10&sortBy=duration&order=desc HTTP/1.1\" 200 3735 \"http://localhost:5174/\" \"Mozilla/5.0 (Macintosh; Intel Mac OS X 10_15_7) AppleWebKit/537.36 (KHTML, like Gecko) Chrome/148.0.0.0 Safari/537.36\"","service":"sales-dialer-api","timestamp":"2026-06-01 09:35:08"}
{"ip":"::1","level":"error","message":"Server Error: SQLITE_ERROR: no such column: Call.date","method":"GET","requestId":"req_1780286710987_wh23017c4","service":"sales-dialer-api","stack":"Error\n    at Database.<anonymous> (/Users/user/sales-dialer/backend/node_modules/sequelize/lib/dialects/sqlite/query.js:185:27)\n    at /Users/user/sales-dialer/backend/node_modules/sequelize/lib/dialects/sqlite/query.js:183:50\n    at new Promise (<anonymous>)\n    at Query.run (/Users/user/sales-dialer/backend/node_modules/sequelize/lib/dialects/sqlite/query.js:183:12)\n    at /Users/user/sales-dialer/backend/node_modules/sequelize/lib/sequelize.js:315:28\n    at process.processTicksAndRejections (node:internal/process/task_queues:103:5)\n    at async SQLiteQueryInterface.select (/Users/user/sales-dialer/backend/node_modules/sequelize/lib/dialects/abstract/query-interface.js:407:12)\n    at async Call.findAll (/Users/user/sales-dialer/backend/node_modules/sequelize/lib/model.js:1140:21)\n    at async Promise.all (index 1)\n    at async Call.findAndCountAll (/Users/user/sales-dialer/backend/node_modules/sequelize/lib/model.js:1322:27)","timestamp":"2026-06-01 09:35:10","url":"/api/calls?page=1&limit=10&sortBy=date&order=desc"}
{"level":"http","message":"::1 - - [01/Jun/2026:04:05:10 +0000] \"GET /api/calls?page=1&limit=10&sortBy=date&order=desc HTTP/1.1\" 400 83 \"http://localhost:5174/\" \"Mozilla/5.0 (Macintosh; Intel Mac OS X 10_15_7) AppleWebKit/537.36 (KHTML, like Gecko) Chrome/148.0.0.0 Safari/537.36\"","service":"sales-dialer-api","timestamp":"2026-06-01 09:35:10"}
{"ip":"::1","level":"error","message":"Server Error: SQLITE_ERROR: no such column: Call.date","method":"GET","requestId":"req_1780286712006_gy7xljfdl","service":"sales-dialer-api","stack":"Error\n    at Database.<anonymous> (/Users/user/sales-dialer/backend/node_modules/sequelize/lib/dialects/sqlite/query.js:185:27)\n    at /Users/user/sales-dialer/backend/node_modules/sequelize/lib/dialects/sqlite/query.js:183:50\n    at new Promise (<anonymous>)\n    at Query.run (/Users/user/sales-dialer/backend/node_modules/sequelize/lib/dialects/sqlite/query.js:183:12)\n    at /Users/user/sales-dialer/backend/node_modules/sequelize/lib/sequelize.js:315:28\n    at process.processTicksAndRejections (node:internal/process/task_queues:103:5)\n    at async SQLiteQueryInterface.select (/Users/user/sales-dialer/backend/node_modules/sequelize/lib/dialects/abstract/query-interface.js:407:12)\n    at async Call.findAll (/Users/user/sales-dialer/backend/node_modules/sequelize/lib/model.js:1140:21)\n    at async Promise.all (index 1)\n    at async Call.findAndCountAll (/Users/user/sales-dialer/backend/node_modules/sequelize/lib/model.js:1322:27)","timestamp":"2026-06-01 09:35:12","url":"/api/calls?page=1&limit=10&sortBy=date&order=desc"}
{"level":"http","message":"::1 - - [01/Jun/2026:04:05:12 +0000] \"GET /api/calls?page=1&limit=10&sortBy=date&order=desc HTTP/1.1\" 400 83 \"http://localhost:5174/\" \"Mozilla/5.0 (Macintosh; Intel Mac OS X 10_15_7) AppleWebKit/537.36 (KHTML, like Gecko) Chrome/148.0.0.0 Safari/537.36\"","service":"sales-dialer-api","timestamp":"2026-06-01 09:35:12"}
{"level":"http","message":"::1 - - [01/Jun/2026:04:05:14 +0000] \"GET /api/contacts?limit=100 HTTP/1.1\" 200 2248 \"http://localhost:5174/\" \"Mozilla/5.0 (Macintosh; Intel Mac OS X 10_15_7) AppleWebKit/537.36 (KHTML, like Gecko) Chrome/148.0.0.0 Safari/537.36\"","service":"sales-dialer-api","timestamp":"2026-06-01 09:35:14"}
{"level":"http","message":"::1 - - [01/Jun/2026:04:05:16 +0000] \"GET /api/contacts/12967ce2-9044-4687-8090-4d7ab34fc52b HTTP/1.1\" 200 375 \"http://localhost:5174/\" \"Mozilla/5.0 (Macintosh; Intel Mac OS X 10_15_7) AppleWebKit/537.36 (KHTML, like Gecko) Chrome/148.0.0.0 Safari/537.36\"","service":"sales-dialer-api","timestamp":"2026-06-01 09:35:16"}
{"level":"http","message":"::1 - - [01/Jun/2026:04:05:17 +0000] \"POST /api/calls/start HTTP/1.1\" 201 692 \"http://localhost:5174/\" \"Mozilla/5.0 (Macintosh; Intel Mac OS X 10_15_7) AppleWebKit/537.36 (KHTML, like Gecko) Chrome/148.0.0.0 Safari/537.36\"","service":"sales-dialer-api","timestamp":"2026-06-01 09:35:17"}
{"level":"http","message":"::1 - - [01/Jun/2026:04:05:24 +0000] \"POST /api/calls/end HTTP/1.1\" 200 414 \"http://localhost:5174/\" \"Mozilla/5.0 (Macintosh; Intel Mac OS X 10_15_7) AppleWebKit/537.36 (KHTML, like Gecko) Chrome/148.0.0.0 Safari/537.36\"","service":"sales-dialer-api","timestamp":"2026-06-01 09:35:24"}
{"level":"http","message":"::1 - - [01/Jun/2026:04:05:34 +0000] \"POST /api/calls/a5ec888c-e090-44a8-bf11-2c59488e2086/notes HTTP/1.1\" 201 546 \"http://localhost:5174/\" \"Mozilla/5.0 (Macintosh; Intel Mac OS X 10_15_7) AppleWebKit/537.36 (KHTML, like Gecko) Chrome/148.0.0.0 Safari/537.36\"","service":"sales-dialer-api","timestamp":"2026-06-01 09:35:34"}
{"level":"http","message":"::1 - - [01/Jun/2026:04:05:35 +0000] \"GET /api/contacts?limit=100 HTTP/1.1\" 200 2248 \"http://localhost:5174/\" \"Mozilla/5.0 (Macintosh; Intel Mac OS X 10_15_7) AppleWebKit/537.36 (KHTML, like Gecko) Chrome/148.0.0.0 Safari/537.36\"","service":"sales-dialer-api","timestamp":"2026-06-01 09:35:35"}
{"level":"http","message":"::1 - - [01/Jun/2026:04:05:35 +0000] \"GET /api/calls?page=1&limit=10&sortBy=startTime&order=desc HTTP/1.1\" 200 4556 \"http://localhost:5174/\" \"Mozilla/5.0 (Macintosh; Intel Mac OS X 10_15_7) AppleWebKit/537.36 (KHTML, like Gecko) Chrome/148.0.0.0 Safari/537.36\"","service":"sales-dialer-api","timestamp":"2026-06-01 09:35:35"}
{"level":"http","message":"::1 - - [01/Jun/2026:04:05:38 +0000] \"GET /api/calls/a5ec888c-e090-44a8-bf11-2c59488e2086/notes HTTP/1.1\" 200 553 \"http://localhost:5174/\" \"Mozilla/5.0 (Macintosh; Intel Mac OS X 10_15_7) AppleWebKit/537.36 (KHTML, like Gecko) Chrome/148.0.0.0 Safari/537.36\"","service":"sales-dialer-api","timestamp":"2026-06-01 09:35:38"}
{"level":"http","message":"::1 - - [01/Jun/2026:04:09:01 +0000] \"GET /api/calls?page=1&limit=10&sortBy=startTime&order=desc HTTP/1.1\" 200 4556 \"http://localhost:5174/\" \"Mozilla/5.0 (Macintosh; Intel Mac OS X 10_15_7) AppleWebKit/537.36 (KHTML, like Gecko) Chrome/148.0.0.0 Safari/537.36\"","service":"sales-dialer-api","timestamp":"2026-06-01 09:39:01"}
{"level":"http","message":"::1 - - [01/Jun/2026:04:09:01 +0000] \"GET /api/contacts?limit=100 HTTP/1.1\" 200 2248 \"http://localhost:5174/\" \"Mozilla/5.0 (Macintosh; Intel Mac OS X 10_15_7) AppleWebKit/537.36 (KHTML, like Gecko) Chrome/148.0.0.0 Safari/537.36\"","service":"sales-dialer-api","timestamp":"2026-06-01 09:39:01"}
{"level":"http","message":"::1 - - [01/Jun/2026:04:09:01 +0000] \"GET /api/calls/a5ec888c-e090-44a8-bf11-2c59488e2086/notes HTTP/1.1\" 200 553 \"http://localhost:5174/\" \"Mozilla/5.0 (Macintosh; Intel Mac OS X 10_15_7) AppleWebKit/537.36 (KHTML, like Gecko) Chrome/148.0.0.0 Safari/537.36\"","service":"sales-dialer-api","timestamp":"2026-06-01 09:39:01"}
{"level":"info","message":"SIGINT received. Starting graceful shutdown...","service":"sales-dialer-api","timestamp":"2026-06-01 09:39:22"}
{"level":"info","message":"HTTP server closed","service":"sales-dialer-api","timestamp":"2026-06-01 09:39:22"}
{"level":"info","message":"Database connection closed","service":"sales-dialer-api","timestamp":"2026-06-01 09:39:22"}
{"level":"info","message":"WebSocket server initialized","service":"sales-dialer-api","timestamp":"2026-06-01 09:39:28"}
{"environment":"development","level":"info","message":"Server running on port 5001","port":"5001","service":"sales-dialer-api","timestamp":"2026-06-01 09:39:28"}
{"level":"info","message":"API Documentation available at http://localhost:5001/api/docs","service":"sales-dialer-api","timestamp":"2026-06-01 09:39:28"}
{"level":"info","message":"Database connected successfully","service":"sales-dialer-api","timestamp":"2026-06-01 09:39:28"}
{"level":"info","message":"Database models synchronized","service":"sales-dialer-api","timestamp":"2026-06-01 09:39:28"}
{"level":"info","message":"Server ready to accept connections","service":"sales-dialer-api","timestamp":"2026-06-01 09:39:28"}
{"level":"http","message":"::1 - - [01/Jun/2026:04:09:48 +0000] \"GET /api/auth/me HTTP/1.1\" 200 323 \"http://localhost:5174/\" \"Mozilla/5.0 (Macintosh; Intel Mac OS X 10_15_7) AppleWebKit/537.36 (KHTML, like Gecko) Chrome/148.0.0.0 Safari/537.36\"","service":"sales-dialer-api","timestamp":"2026-06-01 09:39:48"}
{"level":"http","message":"::1 - - [01/Jun/2026:04:09:48 +0000] \"GET /api/auth/me HTTP/1.1\" 200 323 \"http://localhost:5174/\" \"Mozilla/5.0 (Macintosh; Intel Mac OS X 10_15_7) AppleWebKit/537.36 (KHTML, like Gecko) Chrome/148.0.0.0 Safari/537.36\"","service":"sales-dialer-api","timestamp":"2026-06-01 09:39:48"}
{"level":"http","message":"::1 - - [01/Jun/2026:04:09:48 +0000] \"GET /api/dashboard HTTP/1.1\" 200 3116 \"http://localhost:5174/\" \"Mozilla/5.0 (Macintosh; Intel Mac OS X 10_15_7) AppleWebKit/537.36 (KHTML, like Gecko) Chrome/148.0.0.0 Safari/537.36\"","service":"sales-dialer-api","timestamp":"2026-06-01 09:39:48"}
{"level":"http","message":"::1 - - [01/Jun/2026:04:09:50 +0000] \"GET /api/calls?page=1&limit=10&sortBy=startTime&order=desc HTTP/1.1\" 200 4556 \"http://localhost:5174/\" \"Mozilla/5.0 (Macintosh; Intel Mac OS X 10_15_7) AppleWebKit/537.36 (KHTML, like Gecko) Chrome/148.0.0.0 Safari/537.36\"","service":"sales-dialer-api","timestamp":"2026-06-01 09:39:50"}
{"level":"http","message":"::1 - - [01/Jun/2026:04:09:50 +0000] \"GET /api/contacts?limit=100 HTTP/1.1\" 200 2248 \"http://localhost:5174/\" \"Mozilla/5.0 (Macintosh; Intel Mac OS X 10_15_7) AppleWebKit/537.36 (KHTML, like Gecko) Chrome/148.0.0.0 Safari/537.36\"","service":"sales-dialer-api","timestamp":"2026-06-01 09:39:50"}
{"level":"http","message":"::1 - - [01/Jun/2026:04:09:51 +0000] \"GET /api/calls/a5ec888c-e090-44a8-bf11-2c59488e2086/notes HTTP/1.1\" 200 553 \"http://localhost:5174/\" \"Mozilla/5.0 (Macintosh; Intel Mac OS X 10_15_7) AppleWebKit/537.36 (KHTML, like Gecko) Chrome/148.0.0.0 Safari/537.36\"","service":"sales-dialer-api","timestamp":"2026-06-01 09:39:51"}
{"level":"http","message":"::1 - - [01/Jun/2026:04:10:01 +0000] \"GET /api/calls/e4f5525e-02f9-4a2c-95c1-4a3ecf8eabb5/notes HTTP/1.1\" 200 528 \"http://localhost:5174/\" \"Mozilla/5.0 (Macintosh; Intel Mac OS X 10_15_7) AppleWebKit/537.36 (KHTML, like Gecko) Chrome/148.0.0.0 Safari/537.36\"","service":"sales-dialer-api","timestamp":"2026-06-01 09:40:01"}
{"level":"http","message":"::1 - - [01/Jun/2026:04:10:08 +0000] \"GET /api/dashboard HTTP/1.1\" 200 3116 \"http://localhost:5174/\" \"Mozilla/5.0 (Macintosh; Intel Mac OS X 10_15_7) AppleWebKit/537.36 (KHTML, like Gecko) Chrome/148.0.0.0 Safari/537.36\"","service":"sales-dialer-api","timestamp":"2026-06-01 09:40:08"}
{"level":"http","message":"::1 - - [01/Jun/2026:04:32:48 +0000] \"GET /api/calls?page=1&limit=10&sortBy=startTime&order=desc HTTP/1.1\" 200 4556 \"http://localhost:5174/\" \"Mozilla/5.0 (Macintosh; Intel Mac OS X 10_15_7) AppleWebKit/537.36 (KHTML, like Gecko) Chrome/148.0.0.0 Safari/537.36\"","service":"sales-dialer-api","timestamp":"2026-06-01 10:02:48"}
{"level":"http","message":"::1 - - [01/Jun/2026:04:32:48 +0000] \"GET /api/contacts?limit=100 HTTP/1.1\" 200 2248 \"http://localhost:5174/\" \"Mozilla/5.0 (Macintosh; Intel Mac OS X 10_15_7) AppleWebKit/537.36 (KHTML, like Gecko) Chrome/148.0.0.0 Safari/537.36\"","service":"sales-dialer-api","timestamp":"2026-06-01 10:02:48"}
{"level":"http","message":"::1 - - [01/Jun/2026:04:32:48 +0000] \"GET /api/contacts?limit=100 HTTP/1.1\" 200 2248 \"http://localhost:5174/\" \"Mozilla/5.0 (Macintosh; Intel Mac OS X 10_15_7) AppleWebKit/537.36 (KHTML, like Gecko) Chrome/148.0.0.0 Safari/537.36\"","service":"sales-dialer-api","timestamp":"2026-06-01 10:02:48"}
{"level":"http","message":"::1 - - [01/Jun/2026:04:32:49 +0000] \"GET /api/contacts?page=1&limit=10 HTTP/1.1\" 200 2247 \"http://localhost:5174/\" \"Mozilla/5.0 (Macintosh; Intel Mac OS X 10_15_7) AppleWebKit/537.36 (KHTML, like Gecko) Chrome/148.0.0.0 Safari/537.36\"","service":"sales-dialer-api","timestamp":"2026-06-01 10:02:49"}
{"level":"http","message":"::1 - - [01/Jun/2026:04:32:50 +0000] \"GET /api/dashboard HTTP/1.1\" 200 3116 \"http://localhost:5174/\" \"Mozilla/5.0 (Macintosh; Intel Mac OS X 10_15_7) AppleWebKit/537.36 (KHTML, like Gecko) Chrome/148.0.0.0 Safari/537.36\"","service":"sales-dialer-api","timestamp":"2026-06-01 10:02:50"}
{"level":"http","message":"::1 - - [01/Jun/2026:04:33:03 +0000] \"POST /api/auth/login HTTP/1.1\" 200 578 \"http://localhost:5174/\" \"Mozilla/5.0 (Macintosh; Intel Mac OS X 10_15_7) AppleWebKit/537.36 (KHTML, like Gecko) Chrome/148.0.0.0 Safari/537.36\"","service":"sales-dialer-api","timestamp":"2026-06-01 10:03:03"}
{"level":"http","message":"::1 - - [01/Jun/2026:04:33:03 +0000] \"GET /api/dashboard HTTP/1.1\" 200 3116 \"http://localhost:5174/\" \"Mozilla/5.0 (Macintosh; Intel Mac OS X 10_15_7) AppleWebKit/537.36 (KHTML, like Gecko) Chrome/148.0.0.0 Safari/537.36\"","service":"sales-dialer-api","timestamp":"2026-06-01 10:03:03"}
{"level":"http","message":"::1 - - [01/Jun/2026:04:37:31 +0000] \"POST /api/auth/login HTTP/1.1\" 200 578 \"http://localhost:5174/\" \"Mozilla/5.0 (Macintosh; Intel Mac OS X 10_15_7) AppleWebKit/537.36 (KHTML, like Gecko) Chrome/148.0.0.0 Safari/537.36\"","service":"sales-dialer-api","timestamp":"2026-06-01 10:07:31"}
{"level":"http","message":"::1 - - [01/Jun/2026:04:37:31 +0000] \"GET /api/dashboard HTTP/1.1\" 200 3116 \"http://localhost:5174/\" \"Mozilla/5.0 (Macintosh; Intel Mac OS X 10_15_7) AppleWebKit/537.36 (KHTML, like Gecko) Chrome/148.0.0.0 Safari/537.36\"","service":"sales-dialer-api","timestamp":"2026-06-01 10:07:31"}
{"level":"http","message":"::1 - - [01/Jun/2026:04:37:36 +0000] \"POST /api/auth/login HTTP/1.1\" 200 578 \"http://localhost:5174/\" \"Mozilla/5.0 (Macintosh; Intel Mac OS X 10_15_7) AppleWebKit/537.36 (KHTML, like Gecko) Chrome/148.0.0.0 Safari/537.36\"","service":"sales-dialer-api","timestamp":"2026-06-01 10:07:36"}
{"level":"http","message":"::1 - - [01/Jun/2026:04:37:36 +0000] \"GET /api/dashboard HTTP/1.1\" 200 3116 \"http://localhost:5174/\" \"Mozilla/5.0 (Macintosh; Intel Mac OS X 10_15_7) AppleWebKit/537.36 (KHTML, like Gecko) Chrome/148.0.0.0 Safari/537.36\"","service":"sales-dialer-api","timestamp":"2026-06-01 10:07:36"}
{"level":"http","message":"::1 - - [01/Jun/2026:04:37:55 +0000] \"GET /api/contacts?page=1&limit=10 HTTP/1.1\" 200 2247 \"http://localhost:5174/\" \"Mozilla/5.0 (Macintosh; Intel Mac OS X 10_15_7) AppleWebKit/537.36 (KHTML, like Gecko) Chrome/148.0.0.0 Safari/537.36\"","service":"sales-dialer-api","timestamp":"2026-06-01 10:07:55"}
{"level":"http","message":"::1 - - [01/Jun/2026:04:37:56 +0000] \"GET /api/contacts?limit=100 HTTP/1.1\" 200 2248 \"http://localhost:5174/\" \"Mozilla/5.0 (Macintosh; Intel Mac OS X 10_15_7) AppleWebKit/537.36 (KHTML, like Gecko) Chrome/148.0.0.0 Safari/537.36\"","service":"sales-dialer-api","timestamp":"2026-06-01 10:07:56"}
{"level":"http","message":"::1 - - [01/Jun/2026:04:41:48 +0000] \"GET /api/contacts?limit=100 HTTP/1.1\" 200 2248 \"http://localhost:5174/\" \"Mozilla/5.0 (Macintosh; Intel Mac OS X 10_15_7) AppleWebKit/537.36 (KHTML, like Gecko) Chrome/148.0.0.0 Safari/537.36\"","service":"sales-dialer-api","timestamp":"2026-06-01 10:11:48"}
{"level":"http","message":"::1 - - [01/Jun/2026:04:42:07 +0000] \"GET /api/dashboard HTTP/1.1\" 200 3116 \"http://localhost:5174/\" \"Mozilla/5.0 (Macintosh; Intel Mac OS X 10_15_7) AppleWebKit/537.36 (KHTML, like Gecko) Chrome/148.0.0.0 Safari/537.36\"","service":"sales-dialer-api","timestamp":"2026-06-01 10:12:07"}
{"level":"http","message":"::1 - - [01/Jun/2026:04:42:08 +0000] \"GET /api/auth/me HTTP/1.1\" 200 323 \"http://localhost:5174/\" \"Mozilla/5.0 (Macintosh; Intel Mac OS X 10_15_7) AppleWebKit/537.36 (KHTML, like Gecko) Chrome/148.0.0.0 Safari/537.36\"","service":"sales-dialer-api","timestamp":"2026-06-01 10:12:08"}
{"level":"http","message":"::1 - - [01/Jun/2026:04:42:08 +0000] \"GET /api/auth/me HTTP/1.1\" 200 323 \"http://localhost:5174/\" \"Mozilla/5.0 (Macintosh; Intel Mac OS X 10_15_7) AppleWebKit/537.36 (KHTML, like Gecko) Chrome/148.0.0.0 Safari/537.36\"","service":"sales-dialer-api","timestamp":"2026-06-01 10:12:08"}
{"level":"http","message":"::1 - - [01/Jun/2026:04:42:08 +0000] \"GET /api/dashboard HTTP/1.1\" 200 3116 \"http://localhost:5174/\" \"Mozilla/5.0 (Macintosh; Intel Mac OS X 10_15_7) AppleWebKit/537.36 (KHTML, like Gecko) Chrome/148.0.0.0 Safari/537.36\"","service":"sales-dialer-api","timestamp":"2026-06-01 10:12:08"}
{"level":"http","message":"::1 - - [01/Jun/2026:04:42:09 +0000] \"GET /api/contacts?limit=100 HTTP/1.1\" 200 2248 \"http://localhost:5174/\" \"Mozilla/5.0 (Macintosh; Intel Mac OS X 10_15_7) AppleWebKit/537.36 (KHTML, like Gecko) Chrome/148.0.0.0 Safari/537.36\"","service":"sales-dialer-api","timestamp":"2026-06-01 10:12:09"}
{"level":"http","message":"::1 - - [01/Jun/2026:04:43:39 +0000] \"GET /api/contacts?limit=100 HTTP/1.1\" 200 2248 \"http://localhost:5174/\" \"Mozilla/5.0 (Macintosh; Intel Mac OS X 10_15_7) AppleWebKit/537.36 (KHTML, like Gecko) Chrome/148.0.0.0 Safari/537.36\"","service":"sales-dialer-api","timestamp":"2026-06-01 10:13:39"}
{"level":"http","message":"::1 - - [01/Jun/2026:04:43:58 +0000] \"GET /api/auth/me HTTP/1.1\" 200 323 \"http://localhost:5174/\" \"Mozilla/5.0 (Macintosh; Intel Mac OS X 10_15_7) AppleWebKit/537.36 (KHTML, like Gecko) Chrome/148.0.0.0 Safari/537.36\"","service":"sales-dialer-api","timestamp":"2026-06-01 10:13:58"}
{"level":"http","message":"::1 - - [01/Jun/2026:04:43:58 +0000] \"GET /api/auth/me HTTP/1.1\" 200 323 \"http://localhost:5174/\" \"Mozilla/5.0 (Macintosh; Intel Mac OS X 10_15_7) AppleWebKit/537.36 (KHTML, like Gecko) Chrome/148.0.0.0 Safari/537.36\"","service":"sales-dialer-api","timestamp":"2026-06-01 10:13:58"}
{"level":"http","message":"::1 - - [01/Jun/2026:04:43:58 +0000] \"GET /api/contacts?limit=100 HTTP/1.1\" 200 2248 \"http://localhost:5174/\" \"Mozilla/5.0 (Macintosh; Intel Mac OS X 10_15_7) AppleWebKit/537.36 (KHTML, like Gecko) Chrome/148.0.0.0 Safari/537.36\"","service":"sales-dialer-api","timestamp":"2026-06-01 10:13:58"}
{"level":"http","message":"::1 - - [01/Jun/2026:04:44:15 +0000] \"GET /api/auth/me HTTP/1.1\" 200 323 \"http://localhost:5174/\" \"Mozilla/5.0 (Macintosh; Intel Mac OS X 10_15_7) AppleWebKit/537.36 (KHTML, like Gecko) Chrome/148.0.0.0 Safari/537.36\"","service":"sales-dialer-api","timestamp":"2026-06-01 10:14:15"}
{"level":"http","message":"::1 - - [01/Jun/2026:04:44:15 +0000] \"GET /api/auth/me HTTP/1.1\" 200 323 \"http://localhost:5174/\" \"Mozilla/5.0 (Macintosh; Intel Mac OS X 10_15_7) AppleWebKit/537.36 (KHTML, like Gecko) Chrome/148.0.0.0 Safari/537.36\"","service":"sales-dialer-api","timestamp":"2026-06-01 10:14:15"}
{"level":"http","message":"::1 - - [01/Jun/2026:04:44:15 +0000] \"GET /api/contacts?limit=100 HTTP/1.1\" 200 2248 \"http://localhost:5174/\" \"Mozilla/5.0 (Macintosh; Intel Mac OS X 10_15_7) AppleWebKit/537.36 (KHTML, like Gecko) Chrome/148.0.0.0 Safari/537.36\"","service":"sales-dialer-api","timestamp":"2026-06-01 10:14:15"}
{"level":"http","message":"::1 - - [01/Jun/2026:04:44:27 +0000] \"GET /api/auth/me HTTP/1.1\" 200 323 \"http://localhost:5174/\" \"Mozilla/5.0 (Macintosh; Intel Mac OS X 10_15_7) AppleWebKit/537.36 (KHTML, like Gecko) Chrome/148.0.0.0 Safari/537.36\"","service":"sales-dialer-api","timestamp":"2026-06-01 10:14:27"}
{"level":"http","message":"::1 - - [01/Jun/2026:04:44:27 +0000] \"GET /api/auth/me HTTP/1.1\" 200 323 \"http://localhost:5174/\" \"Mozilla/5.0 (Macintosh; Intel Mac OS X 10_15_7) AppleWebKit/537.36 (KHTML, like Gecko) Chrome/148.0.0.0 Safari/537.36\"","service":"sales-dialer-api","timestamp":"2026-06-01 10:14:27"}
{"level":"http","message":"::1 - - [01/Jun/2026:04:44:27 +0000] \"GET /api/dashboard HTTP/1.1\" 200 3116 \"http://localhost:5174/\" \"Mozilla/5.0 (Macintosh; Intel Mac OS X 10_15_7) AppleWebKit/537.36 (KHTML, like Gecko) Chrome/148.0.0.0 Safari/537.36\"","service":"sales-dialer-api","timestamp":"2026-06-01 10:14:27"}
{"level":"http","message":"::1 - - [01/Jun/2026:04:44:30 +0000] \"GET /api/contacts?limit=100 HTTP/1.1\" 200 2248 \"http://localhost:5174/\" \"Mozilla/5.0 (Macintosh; Intel Mac OS X 10_15_7) AppleWebKit/537.36 (KHTML, like Gecko) Chrome/148.0.0.0 Safari/537.36\"","service":"sales-dialer-api","timestamp":"2026-06-01 10:14:30"}
{"level":"http","message":"::1 - - [01/Jun/2026:04:44:35 +0000] \"GET /api/calls?page=1&limit=10&sortBy=startTime&order=desc HTTP/1.1\" 200 4556 \"http://localhost:5174/\" \"Mozilla/5.0 (Macintosh; Intel Mac OS X 10_15_7) AppleWebKit/537.36 (KHTML, like Gecko) Chrome/148.0.0.0 Safari/537.36\"","service":"sales-dialer-api","timestamp":"2026-06-01 10:14:35"}
{"level":"http","message":"::1 - - [01/Jun/2026:04:44:35 +0000] \"GET /api/contacts?limit=100 HTTP/1.1\" 200 2248 \"http://localhost:5174/\" \"Mozilla/5.0 (Macintosh; Intel Mac OS X 10_15_7) AppleWebKit/537.36 (KHTML, like Gecko) Chrome/148.0.0.0 Safari/537.36\"","service":"sales-dialer-api","timestamp":"2026-06-01 10:14:35"}
{"level":"http","message":"::1 - - [01/Jun/2026:04:44:36 +0000] \"GET /api/contacts?limit=100 HTTP/1.1\" 200 2248 \"http://localhost:5174/\" \"Mozilla/5.0 (Macintosh; Intel Mac OS X 10_15_7) AppleWebKit/537.36 (KHTML, like Gecko) Chrome/148.0.0.0 Safari/537.36\"","service":"sales-dialer-api","timestamp":"2026-06-01 10:14:36"}
{"level":"http","message":"::1 - - [01/Jun/2026:04:44:54 +0000] \"GET /api/contacts?page=1&limit=10 HTTP/1.1\" 200 2247 \"http://localhost:5174/\" \"Mozilla/5.0 (Macintosh; Intel Mac OS X 10_15_7) AppleWebKit/537.36 (KHTML, like Gecko) Chrome/148.0.0.0 Safari/537.36\"","service":"sales-dialer-api","timestamp":"2026-06-01 10:14:54"}
{"level":"http","message":"::1 - - [01/Jun/2026:04:44:54 +0000] \"GET /api/dashboard HTTP/1.1\" 200 3116 \"http://localhost:5174/\" \"Mozilla/5.0 (Macintosh; Intel Mac OS X 10_15_7) AppleWebKit/537.36 (KHTML, like Gecko) Chrome/148.0.0.0 Safari/537.36\"","service":"sales-dialer-api","timestamp":"2026-06-01 10:14:54"}
{"level":"http","message":"::1 - - [01/Jun/2026:04:44:55 +0000] \"GET /api/contacts?limit=100 HTTP/1.1\" 200 2248 \"http://localhost:5174/\" \"Mozilla/5.0 (Macintosh; Intel Mac OS X 10_15_7) AppleWebKit/537.36 (KHTML, like Gecko) Chrome/148.0.0.0 Safari/537.36\"","service":"sales-dialer-api","timestamp":"2026-06-01 10:14:55"}
{"level":"http","message":"::1 - - [01/Jun/2026:04:44:55 +0000] \"GET /api/calls?page=1&limit=10&sortBy=startTime&order=desc HTTP/1.1\" 200 4556 \"http://localhost:5174/\" \"Mozilla/5.0 (Macintosh; Intel Mac OS X 10_15_7) AppleWebKit/537.36 (KHTML, like Gecko) Chrome/148.0.0.0 Safari/537.36\"","service":"sales-dialer-api","timestamp":"2026-06-01 10:14:55"}
{"level":"http","message":"::1 - - [01/Jun/2026:04:44:56 +0000] \"GET /api/contacts?limit=100 HTTP/1.1\" 200 2248 \"http://localhost:5174/\" \"Mozilla/5.0 (Macintosh; Intel Mac OS X 10_15_7) AppleWebKit/537.36 (KHTML, like Gecko) Chrome/148.0.0.0 Safari/537.36\"","service":"sales-dialer-api","timestamp":"2026-06-01 10:14:56"}
{"level":"http","message":"::1 - - [01/Jun/2026:04:45:02 +0000] \"GET /api/contacts/12967ce2-9044-4687-8090-4d7ab34fc52b HTTP/1.1\" 200 375 \"http://localhost:5174/\" \"Mozilla/5.0 (Macintosh; Intel Mac OS X 10_15_7) AppleWebKit/537.36 (KHTML, like Gecko) Chrome/148.0.0.0 Safari/537.36\"","service":"sales-dialer-api","timestamp":"2026-06-01 10:15:02"}
{"level":"http","message":"::1 - - [01/Jun/2026:04:45:04 +0000] \"GET /api/dashboard HTTP/1.1\" 200 3116 \"http://localhost:5174/\" \"Mozilla/5.0 (Macintosh; Intel Mac OS X 10_15_7) AppleWebKit/537.36 (KHTML, like Gecko) Chrome/148.0.0.0 Safari/537.36\"","service":"sales-dialer-api","timestamp":"2026-06-01 10:15:04"}
{"level":"http","message":"::1 - - [01/Jun/2026:04:45:05 +0000] \"GET /api/contacts?limit=100 HTTP/1.1\" 200 2248 \"http://localhost:5174/\" \"Mozilla/5.0 (Macintosh; Intel Mac OS X 10_15_7) AppleWebKit/537.36 (KHTML, like Gecko) Chrome/148.0.0.0 Safari/537.36\"","service":"sales-dialer-api","timestamp":"2026-06-01 10:15:05"}
{"level":"http","message":"::1 - - [01/Jun/2026:04:47:49 +0000] \"GET /api/contacts?limit=100 HTTP/1.1\" 200 2248 \"http://localhost:5174/\" \"Mozilla/5.0 (Macintosh; Intel Mac OS X 10_15_7) AppleWebKit/537.36 (KHTML, like Gecko) Chrome/148.0.0.0 Safari/537.36\"","service":"sales-dialer-api","timestamp":"2026-06-01 10:17:49"}
{"level":"http","message":"::1 - - [01/Jun/2026:04:48:11 +0000] \"GET /api/contacts?limit=100 HTTP/1.1\" 200 2248 \"http://localhost:5174/\" \"Mozilla/5.0 (Macintosh; Intel Mac OS X 10_15_7) AppleWebKit/537.36 (KHTML, like Gecko) Chrome/148.0.0.0 Safari/537.36\"","service":"sales-dialer-api","timestamp":"2026-06-01 10:18:11"}
{"level":"http","message":"::1 - - [01/Jun/2026:04:48:19 +0000] \"GET /api/contacts?limit=100 HTTP/1.1\" 200 2248 \"http://localhost:5174/\" \"Mozilla/5.0 (Macintosh; Intel Mac OS X 10_15_7) AppleWebKit/537.36 (KHTML, like Gecko) Chrome/148.0.0.0 Safari/537.36\"","service":"sales-dialer-api","timestamp":"2026-06-01 10:18:19"}
{"level":"http","message":"::1 - - [01/Jun/2026:04:48:29 +0000] \"GET /api/contacts?limit=100 HTTP/1.1\" 200 2248 \"http://localhost:5174/\" \"Mozilla/5.0 (Macintosh; Intel Mac OS X 10_15_7) AppleWebKit/537.36 (KHTML, like Gecko) Chrome/148.0.0.0 Safari/537.36\"","service":"sales-dialer-api","timestamp":"2026-06-01 10:18:29"}
{"level":"http","message":"::1 - - [01/Jun/2026:04:48:48 +0000] \"GET /api/contacts?limit=100 HTTP/1.1\" 200 2248 \"http://localhost:5174/\" \"Mozilla/5.0 (Macintosh; Intel Mac OS X 10_15_7) AppleWebKit/537.36 (KHTML, like Gecko) Chrome/148.0.0.0 Safari/537.36\"","service":"sales-dialer-api","timestamp":"2026-06-01 10:18:48"}
{"level":"http","message":"::1 - - [01/Jun/2026:04:49:34 +0000] \"GET /api/auth/me HTTP/1.1\" 200 323 \"http://localhost:5174/\" \"Mozilla/5.0 (Macintosh; Intel Mac OS X 10_15_7) AppleWebKit/537.36 (KHTML, like Gecko) Chrome/148.0.0.0 Safari/537.36\"","service":"sales-dialer-api","timestamp":"2026-06-01 10:19:34"}
{"level":"http","message":"::1 - - [01/Jun/2026:04:49:34 +0000] \"GET /api/auth/me HTTP/1.1\" 200 323 \"http://localhost:5174/\" \"Mozilla/5.0 (Macintosh; Intel Mac OS X 10_15_7) AppleWebKit/537.36 (KHTML, like Gecko) Chrome/148.0.0.0 Safari/537.36\"","service":"sales-dialer-api","timestamp":"2026-06-01 10:19:34"}
{"level":"http","message":"::1 - - [01/Jun/2026:04:49:34 +0000] \"GET /api/dashboard HTTP/1.1\" 200 3116 \"http://localhost:5174/\" \"Mozilla/5.0 (Macintosh; Intel Mac OS X 10_15_7) AppleWebKit/537.36 (KHTML, like Gecko) Chrome/148.0.0.0 Safari/537.36\"","service":"sales-dialer-api","timestamp":"2026-06-01 10:19:34"}
{"level":"http","message":"::1 - - [01/Jun/2026:04:49:36 +0000] \"GET /api/calls?page=1&limit=10&sortBy=startTime&order=desc HTTP/1.1\" 200 4556 \"http://localhost:5174/\" \"Mozilla/5.0 (Macintosh; Intel Mac OS X 10_15_7) AppleWebKit/537.36 (KHTML, like Gecko) Chrome/148.0.0.0 Safari/537.36\"","service":"sales-dialer-api","timestamp":"2026-06-01 10:19:36"}
{"level":"http","message":"::1 - - [01/Jun/2026:04:49:36 +0000] \"GET /api/contacts?limit=100 HTTP/1.1\" 200 2248 \"http://localhost:5174/\" \"Mozilla/5.0 (Macintosh; Intel Mac OS X 10_15_7) AppleWebKit/537.36 (KHTML, like Gecko) Chrome/148.0.0.0 Safari/537.36\"","service":"sales-dialer-api","timestamp":"2026-06-01 10:19:36"}
{"level":"http","message":"::1 - - [01/Jun/2026:04:49:36 +0000] \"GET /api/contacts?limit=100 HTTP/1.1\" 200 2248 \"http://localhost:5174/\" \"Mozilla/5.0 (Macintosh; Intel Mac OS X 10_15_7) AppleWebKit/537.36 (KHTML, like Gecko) Chrome/148.0.0.0 Safari/537.36\"","service":"sales-dialer-api","timestamp":"2026-06-01 10:19:36"}
{"level":"http","message":"::1 - - [01/Jun/2026:04:49:41 +0000] \"GET /api/dashboard HTTP/1.1\" 200 3116 \"http://localhost:5174/\" \"Mozilla/5.0 (Macintosh; Intel Mac OS X 10_15_7) AppleWebKit/537.36 (KHTML, like Gecko) Chrome/148.0.0.0 Safari/537.36\"","service":"sales-dialer-api","timestamp":"2026-06-01 10:19:41"}
{"level":"http","message":"::1 - - [01/Jun/2026:04:58:01 +0000] \"GET /api/contacts?page=1&limit=10 HTTP/1.1\" 200 2247 \"http://localhost:5174/\" \"Mozilla/5.0 (Macintosh; Intel Mac OS X 10_15_7) AppleWebKit/537.36 (KHTML, like Gecko) Chrome/148.0.0.0 Safari/537.36\"","service":"sales-dialer-api","timestamp":"2026-06-01 10:28:01"}
{"level":"http","message":"::1 - - [01/Jun/2026:04:58:01 +0000] \"GET /api/contacts?limit=100 HTTP/1.1\" 200 2248 \"http://localhost:5174/\" \"Mozilla/5.0 (Macintosh; Intel Mac OS X 10_15_7) AppleWebKit/537.36 (KHTML, like Gecko) Chrome/148.0.0.0 Safari/537.36\"","service":"sales-dialer-api","timestamp":"2026-06-01 10:28:01"}
{"level":"http","message":"::1 - - [01/Jun/2026:04:58:02 +0000] \"GET /api/contacts?limit=100 HTTP/1.1\" 200 2248 \"http://localhost:5174/\" \"Mozilla/5.0 (Macintosh; Intel Mac OS X 10_15_7) AppleWebKit/537.36 (KHTML, like Gecko) Chrome/148.0.0.0 Safari/537.36\"","service":"sales-dialer-api","timestamp":"2026-06-01 10:28:02"}
{"level":"http","message":"::1 - - [01/Jun/2026:04:58:02 +0000] \"GET /api/calls?page=1&limit=10&sortBy=startTime&order=desc HTTP/1.1\" 200 4556 \"http://localhost:5174/\" \"Mozilla/5.0 (Macintosh; Intel Mac OS X 10_15_7) AppleWebKit/537.36 (KHTML, like Gecko) Chrome/148.0.0.0 Safari/537.36\"","service":"sales-dialer-api","timestamp":"2026-06-01 10:28:02"}
{"level":"http","message":"::1 - - [01/Jun/2026:04:58:03 +0000] \"GET /api/dashboard HTTP/1.1\" 200 3116 \"http://localhost:5174/\" \"Mozilla/5.0 (Macintosh; Intel Mac OS X 10_15_7) AppleWebKit/537.36 (KHTML, like Gecko) Chrome/148.0.0.0 Safari/537.36\"","service":"sales-dialer-api","timestamp":"2026-06-01 10:28:03"}
{"level":"http","message":"::1 - - [01/Jun/2026:05:32:08 +0000] \"GET /api/contacts?page=1&limit=10 HTTP/1.1\" 200 2247 \"http://localhost:5174/\" \"Mozilla/5.0 (Macintosh; Intel Mac OS X 10_15_7) AppleWebKit/537.36 (KHTML, like Gecko) Chrome/148.0.0.0 Safari/537.36\"","service":"sales-dialer-api","timestamp":"2026-06-01 11:02:08"}
{"level":"http","message":"::1 - - [01/Jun/2026:05:34:04 +0000] \"GET /api/dashboard HTTP/1.1\" 200 3116 \"http://localhost:5174/\" \"Mozilla/5.0 (Macintosh; Intel Mac OS X 10_15_7) AppleWebKit/537.36 (KHTML, like Gecko) Chrome/148.0.0.0 Safari/537.36\"","service":"sales-dialer-api","timestamp":"2026-06-01 11:04:04"}
{"level":"http","message":"::1 - - [01/Jun/2026:05:34:05 +0000] \"GET /api/contacts?page=1&limit=10 HTTP/1.1\" 200 2247 \"http://localhost:5174/\" \"Mozilla/5.0 (Macintosh; Intel Mac OS X 10_15_7) AppleWebKit/537.36 (KHTML, like Gecko) Chrome/148.0.0.0 Safari/537.36\"","service":"sales-dialer-api","timestamp":"2026-06-01 11:04:05"}
{"level":"http","message":"::1 - - [01/Jun/2026:05:34:06 +0000] \"GET /api/contacts?limit=100 HTTP/1.1\" 200 2248 \"http://localhost:5174/\" \"Mozilla/5.0 (Macintosh; Intel Mac OS X 10_15_7) AppleWebKit/537.36 (KHTML, like Gecko) Chrome/148.0.0.0 Safari/537.36\"","service":"sales-dialer-api","timestamp":"2026-06-01 11:04:06"}
{"level":"http","message":"::1 - - [01/Jun/2026:05:34:06 +0000] \"GET /api/contacts?limit=100 HTTP/1.1\" 200 2248 \"http://localhost:5174/\" \"Mozilla/5.0 (Macintosh; Intel Mac OS X 10_15_7) AppleWebKit/537.36 (KHTML, like Gecko) Chrome/148.0.0.0 Safari/537.36\"","service":"sales-dialer-api","timestamp":"2026-06-01 11:04:06"}
{"level":"http","message":"::1 - - [01/Jun/2026:05:34:07 +0000] \"GET /api/calls?page=1&limit=10&sortBy=startTime&order=desc HTTP/1.1\" 200 4556 \"http://localhost:5174/\" \"Mozilla/5.0 (Macintosh; Intel Mac OS X 10_15_7) AppleWebKit/537.36 (KHTML, like Gecko) Chrome/148.0.0.0 Safari/537.36\"","service":"sales-dialer-api","timestamp":"2026-06-01 11:04:07"}
{"level":"http","message":"::1 - - [01/Jun/2026:05:34:07 +0000] \"GET /api/dashboard HTTP/1.1\" 200 3116 \"http://localhost:5174/\" \"Mozilla/5.0 (Macintosh; Intel Mac OS X 10_15_7) AppleWebKit/537.36 (KHTML, like Gecko) Chrome/148.0.0.0 Safari/537.36\"","service":"sales-dialer-api","timestamp":"2026-06-01 11:04:07"}
{"level":"http","message":"::1 - - [01/Jun/2026:05:34:26 +0000] \"GET /api/contacts?limit=100 HTTP/1.1\" 200 2248 \"http://localhost:5174/\" \"Mozilla/5.0 (Macintosh; Intel Mac OS X 10_15_7) AppleWebKit/537.36 (KHTML, like Gecko) Chrome/148.0.0.0 Safari/537.36\"","service":"sales-dialer-api","timestamp":"2026-06-01 11:04:26"}
{"level":"http","message":"::1 - - [01/Jun/2026:05:34:27 +0000] \"GET /api/contacts?page=1&limit=10 HTTP/1.1\" 200 2247 \"http://localhost:5174/\" \"Mozilla/5.0 (Macintosh; Intel Mac OS X 10_15_7) AppleWebKit/537.36 (KHTML, like Gecko) Chrome/148.0.0.0 Safari/537.36\"","service":"sales-dialer-api","timestamp":"2026-06-01 11:04:27"}
{"level":"http","message":"::1 - - [01/Jun/2026:05:34:34 +0000] \"PUT /api/contacts/12967ce2-9044-4687-8090-4d7ab34fc52b HTTP/1.1\" 200 372 \"http://localhost:5174/\" \"Mozilla/5.0 (Macintosh; Intel Mac OS X 10_15_7) AppleWebKit/537.36 (KHTML, like Gecko) Chrome/148.0.0.0 Safari/537.36\"","service":"sales-dialer-api","timestamp":"2026-06-01 11:04:34"}
{"level":"http","message":"::1 - - [01/Jun/2026:05:34:34 +0000] \"GET /api/contacts?page=1&limit=10 HTTP/1.1\" 200 2246 \"http://localhost:5174/\" \"Mozilla/5.0 (Macintosh; Intel Mac OS X 10_15_7) AppleWebKit/537.36 (KHTML, like Gecko) Chrome/148.0.0.0 Safari/537.36\"","service":"sales-dialer-api","timestamp":"2026-06-01 11:04:34"}
{"level":"http","message":"::1 - - [01/Jun/2026:05:34:38 +0000] \"GET /api/contacts/12967ce2-9044-4687-8090-4d7ab34fc52b HTTP/1.1\" 200 374 \"http://localhost:5174/\" \"Mozilla/5.0 (Macintosh; Intel Mac OS X 10_15_7) AppleWebKit/537.36 (KHTML, like Gecko) Chrome/148.0.0.0 Safari/537.36\"","service":"sales-dialer-api","timestamp":"2026-06-01 11:04:38"}
{"level":"http","message":"::1 - - [01/Jun/2026:05:34:38 +0000] \"GET /api/contacts?limit=100 HTTP/1.1\" 200 2247 \"http://localhost:5174/\" \"Mozilla/5.0 (Macintosh; Intel Mac OS X 10_15_7) AppleWebKit/537.36 (KHTML, like Gecko) Chrome/148.0.0.0 Safari/537.36\"","service":"sales-dialer-api","timestamp":"2026-06-01 11:04:38"}
{"level":"http","message":"::1 - - [01/Jun/2026:05:34:39 +0000] \"GET /api/dashboard HTTP/1.1\" 200 3113 \"http://localhost:5174/\" \"Mozilla/5.0 (Macintosh; Intel Mac OS X 10_15_7) AppleWebKit/537.36 (KHTML, like Gecko) Chrome/148.0.0.0 Safari/537.36\"","service":"sales-dialer-api","timestamp":"2026-06-01 11:04:39"}
{"level":"http","message":"::1 - - [01/Jun/2026:05:34:46 +0000] \"GET /api/calls?page=1&limit=10&sortBy=startTime&order=desc HTTP/1.1\" 200 4553 \"http://localhost:5174/\" \"Mozilla/5.0 (Macintosh; Intel Mac OS X 10_15_7) AppleWebKit/537.36 (KHTML, like Gecko) Chrome/148.0.0.0 Safari/537.36\"","service":"sales-dialer-api","timestamp":"2026-06-01 11:04:46"}
{"level":"http","message":"::1 - - [01/Jun/2026:05:34:46 +0000] \"GET /api/contacts?limit=100 HTTP/1.1\" 200 2247 \"http://localhost:5174/\" \"Mozilla/5.0 (Macintosh; Intel Mac OS X 10_15_7) AppleWebKit/537.36 (KHTML, like Gecko) Chrome/148.0.0.0 Safari/537.36\"","service":"sales-dialer-api","timestamp":"2026-06-01 11:04:46"}
{"level":"http","message":"::1 - - [01/Jun/2026:05:34:46 +0000] \"GET /api/contacts?limit=100 HTTP/1.1\" 200 2247 \"http://localhost:5174/\" \"Mozilla/5.0 (Macintosh; Intel Mac OS X 10_15_7) AppleWebKit/537.36 (KHTML, like Gecko) Chrome/148.0.0.0 Safari/537.36\"","service":"sales-dialer-api","timestamp":"2026-06-01 11:04:46"}
{"level":"http","message":"::1 - - [01/Jun/2026:05:34:47 +0000] \"GET /api/contacts?page=1&limit=10 HTTP/1.1\" 200 2246 \"http://localhost:5174/\" \"Mozilla/5.0 (Macintosh; Intel Mac OS X 10_15_7) AppleWebKit/537.36 (KHTML, like Gecko) Chrome/148.0.0.0 Safari/537.36\"","service":"sales-dialer-api","timestamp":"2026-06-01 11:04:47"}
{"level":"http","message":"::1 - - [01/Jun/2026:05:34:47 +0000] \"GET /api/dashboard HTTP/1.1\" 200 3113 \"http://localhost:5174/\" \"Mozilla/5.0 (Macintosh; Intel Mac OS X 10_15_7) AppleWebKit/537.36 (KHTML, like Gecko) Chrome/148.0.0.0 Safari/537.36\"","service":"sales-dialer-api","timestamp":"2026-06-01 11:04:47"}
{"level":"http","message":"::1 - - [01/Jun/2026:05:34:52 +0000] \"GET /api/contacts?page=1&limit=10 HTTP/1.1\" 200 2246 \"http://localhost:5174/\" \"Mozilla/5.0 (Macintosh; Intel Mac OS X 10_15_7) AppleWebKit/537.36 (KHTML, like Gecko) Chrome/148.0.0.0 Safari/537.36\"","service":"sales-dialer-api","timestamp":"2026-06-01 11:04:52"}
{"level":"http","message":"::1 - - [01/Jun/2026:05:34:52 +0000] \"GET /api/contacts?limit=100 HTTP/1.1\" 200 2247 \"http://localhost:5174/\" \"Mozilla/5.0 (Macintosh; Intel Mac OS X 10_15_7) AppleWebKit/537.36 (KHTML, like Gecko) Chrome/148.0.0.0 Safari/537.36\"","service":"sales-dialer-api","timestamp":"2026-06-01 11:04:52"}
{"level":"http","message":"::1 - - [01/Jun/2026:05:34:52 +0000] \"GET /api/calls?page=1&limit=10&sortBy=startTime&order=desc HTTP/1.1\" 200 4553 \"http://localhost:5174/\" \"Mozilla/5.0 (Macintosh; Intel Mac OS X 10_15_7) AppleWebKit/537.36 (KHTML, like Gecko) Chrome/148.0.0.0 Safari/537.36\"","service":"sales-dialer-api","timestamp":"2026-06-01 11:04:52"}
{"level":"http","message":"::1 - - [01/Jun/2026:05:34:52 +0000] \"GET /api/contacts?limit=100 HTTP/1.1\" 200 2247 \"http://localhost:5174/\" \"Mozilla/5.0 (Macintosh; Intel Mac OS X 10_15_7) AppleWebKit/537.36 (KHTML, like Gecko) Chrome/148.0.0.0 Safari/537.36\"","service":"sales-dialer-api","timestamp":"2026-06-01 11:04:52"}
{"level":"http","message":"::1 - - [01/Jun/2026:05:34:53 +0000] \"GET /api/dashboard HTTP/1.1\" 200 3113 \"http://localhost:5174/\" \"Mozilla/5.0 (Macintosh; Intel Mac OS X 10_15_7) AppleWebKit/537.36 (KHTML, like Gecko) Chrome/148.0.0.0 Safari/537.36\"","service":"sales-dialer-api","timestamp":"2026-06-01 11:04:53"}
{"level":"http","message":"::1 - - [01/Jun/2026:05:35:14 +0000] \"GET /api/contacts?page=1&limit=10 HTTP/1.1\" 200 2246 \"http://localhost:5174/\" \"Mozilla/5.0 (Macintosh; Intel Mac OS X 10_15_7) AppleWebKit/537.36 (KHTML, like Gecko) Chrome/148.0.0.0 Safari/537.36\"","service":"sales-dialer-api","timestamp":"2026-06-01 11:05:14"}
{"level":"http","message":"::1 - - [01/Jun/2026:05:35:35 +0000] \"GET /api/contacts?page=1&limit=10&status=contacted HTTP/1.1\" 200 188 \"http://localhost:5174/\" \"Mozilla/5.0 (Macintosh; Intel Mac OS X 10_15_7) AppleWebKit/537.36 (KHTML, like Gecko) Chrome/148.0.0.0 Safari/537.36\"","service":"sales-dialer-api","timestamp":"2026-06-01 11:05:35"}
{"level":"http","message":"::1 - - [01/Jun/2026:05:35:36 +0000] \"GET /api/contacts?page=1&limit=10&status=new HTTP/1.1\" 200 2246 \"http://localhost:5174/\" \"Mozilla/5.0 (Macintosh; Intel Mac OS X 10_15_7) AppleWebKit/537.36 (KHTML, like Gecko) Chrome/148.0.0.0 Safari/537.36\"","service":"sales-dialer-api","timestamp":"2026-06-01 11:05:36"}
{"level":"http","message":"::1 - - [01/Jun/2026:05:35:37 +0000] \"GET /api/contacts?page=1&limit=10&status=new HTTP/1.1\" 200 2246 \"http://localhost:5174/\" \"Mozilla/5.0 (Macintosh; Intel Mac OS X 10_15_7) AppleWebKit/537.36 (KHTML, like Gecko) Chrome/148.0.0.0 Safari/537.36\"","service":"sales-dialer-api","timestamp":"2026-06-01 11:05:37"}
{"level":"http","message":"::1 - - [01/Jun/2026:05:35:38 +0000] \"GET /api/contacts?page=1&limit=10&status=not_interested HTTP/1.1\" 200 188 \"http://localhost:5174/\" \"Mozilla/5.0 (Macintosh; Intel Mac OS X 10_15_7) AppleWebKit/537.36 (KHTML, like Gecko) Chrome/148.0.0.0 Safari/537.36\"","service":"sales-dialer-api","timestamp":"2026-06-01 11:05:38"}
{"level":"http","message":"::1 - - [01/Jun/2026:05:35:40 +0000] \"GET /api/contacts?page=1&limit=10&status=interested HTTP/1.1\" 200 188 \"http://localhost:5174/\" \"Mozilla/5.0 (Macintosh; Intel Mac OS X 10_15_7) AppleWebKit/537.36 (KHTML, like Gecko) Chrome/148.0.0.0 Safari/537.36\"","service":"sales-dialer-api","timestamp":"2026-06-01 11:05:40"}
{"level":"http","message":"::1 - - [01/Jun/2026:05:35:41 +0000] \"GET /api/contacts?page=1&limit=10 HTTP/1.1\" 200 2246 \"http://localhost:5174/\" \"Mozilla/5.0 (Macintosh; Intel Mac OS X 10_15_7) AppleWebKit/537.36 (KHTML, like Gecko) Chrome/148.0.0.0 Safari/537.36\"","service":"sales-dialer-api","timestamp":"2026-06-01 11:05:41"}
{"level":"http","message":"::1 - - [01/Jun/2026:05:35:43 +0000] \"GET /api/dashboard HTTP/1.1\" 200 3113 \"http://localhost:5174/\" \"Mozilla/5.0 (Macintosh; Intel Mac OS X 10_15_7) AppleWebKit/537.36 (KHTML, like Gecko) Chrome/148.0.0.0 Safari/537.36\"","service":"sales-dialer-api","timestamp":"2026-06-01 11:05:43"}
{"level":"http","message":"::1 - - [01/Jun/2026:05:35:44 +0000] \"GET /api/contacts?limit=100 HTTP/1.1\" 200 2247 \"http://localhost:5174/\" \"Mozilla/5.0 (Macintosh; Intel Mac OS X 10_15_7) AppleWebKit/537.36 (KHTML, like Gecko) Chrome/148.0.0.0 Safari/537.36\"","service":"sales-dialer-api","timestamp":"2026-06-01 11:05:44"}
{"level":"http","message":"::1 - - [01/Jun/2026:05:35:45 +0000] \"GET /api/contacts?limit=100 HTTP/1.1\" 200 2247 \"http://localhost:5174/\" \"Mozilla/5.0 (Macintosh; Intel Mac OS X 10_15_7) AppleWebKit/537.36 (KHTML, like Gecko) Chrome/148.0.0.0 Safari/537.36\"","service":"sales-dialer-api","timestamp":"2026-06-01 11:05:45"}
{"level":"http","message":"::1 - - [01/Jun/2026:05:35:45 +0000] \"GET /api/calls?page=1&limit=10&sortBy=startTime&order=desc HTTP/1.1\" 200 4553 \"http://localhost:5174/\" \"Mozilla/5.0 (Macintosh; Intel Mac OS X 10_15_7) AppleWebKit/537.36 (KHTML, like Gecko) Chrome/148.0.0.0 Safari/537.36\"","service":"sales-dialer-api","timestamp":"2026-06-01 11:05:45"}
{"level":"http","message":"::1 - - [01/Jun/2026:05:35:46 +0000] \"GET /api/contacts?page=1&limit=10 HTTP/1.1\" 200 2246 \"http://localhost:5174/\" \"Mozilla/5.0 (Macintosh; Intel Mac OS X 10_15_7) AppleWebKit/537.36 (KHTML, like Gecko) Chrome/148.0.0.0 Safari/537.36\"","service":"sales-dialer-api","timestamp":"2026-06-01 11:05:46"}
{"level":"http","message":"::1 - - [01/Jun/2026:05:35:46 +0000] \"GET /api/dashboard HTTP/1.1\" 200 3113 \"http://localhost:5174/\" \"Mozilla/5.0 (Macintosh; Intel Mac OS X 10_15_7) AppleWebKit/537.36 (KHTML, like Gecko) Chrome/148.0.0.0 Safari/537.36\"","service":"sales-dialer-api","timestamp":"2026-06-01 11:05:46"}
{"level":"http","message":"::1 - - [01/Jun/2026:05:35:50 +0000] \"GET /api/contacts?limit=100 HTTP/1.1\" 200 2247 \"http://localhost:5174/\" \"Mozilla/5.0 (Macintosh; Intel Mac OS X 10_15_7) AppleWebKit/537.36 (KHTML, like Gecko) Chrome/148.0.0.0 Safari/537.36\"","service":"sales-dialer-api","timestamp":"2026-06-01 11:05:50"}
{"level":"http","message":"::1 - - [01/Jun/2026:05:35:50 +0000] \"GET /api/calls?page=1&limit=10&sortBy=startTime&order=desc HTTP/1.1\" 200 4553 \"http://localhost:5174/\" \"Mozilla/5.0 (Macintosh; Intel Mac OS X 10_15_7) AppleWebKit/537.36 (KHTML, like Gecko) Chrome/148.0.0.0 Safari/537.36\"","service":"sales-dialer-api","timestamp":"2026-06-01 11:05:50"}
{"level":"http","message":"::1 - - [01/Jun/2026:05:35:52 +0000] \"GET /api/dashboard HTTP/1.1\" 200 3113 \"http://localhost:5174/\" \"Mozilla/5.0 (Macintosh; Intel Mac OS X 10_15_7) AppleWebKit/537.36 (KHTML, like Gecko) Chrome/148.0.0.0 Safari/537.36\"","service":"sales-dialer-api","timestamp":"2026-06-01 11:05:52"}
{"level":"http","message":"::1 - - [01/Jun/2026:05:36:38 +0000] \"GET /api/contacts?page=1&limit=10 HTTP/1.1\" 200 2246 \"http://localhost:5174/\" \"Mozilla/5.0 (Macintosh; Intel Mac OS X 10_15_7) AppleWebKit/537.36 (KHTML, like Gecko) Chrome/148.0.0.0 Safari/537.36\"","service":"sales-dialer-api","timestamp":"2026-06-01 11:06:38"}
{"level":"http","message":"::1 - - [01/Jun/2026:05:36:40 +0000] \"GET /api/contacts?limit=100 HTTP/1.1\" 200 2247 \"http://localhost:5174/\" \"Mozilla/5.0 (Macintosh; Intel Mac OS X 10_15_7) AppleWebKit/537.36 (KHTML, like Gecko) Chrome/148.0.0.0 Safari/537.36\"","service":"sales-dialer-api","timestamp":"2026-06-01 11:06:40"}
{"level":"http","message":"::1 - - [01/Jun/2026:05:36:42 +0000] \"GET /api/contacts?limit=100 HTTP/1.1\" 200 2247 \"http://localhost:5174/\" \"Mozilla/5.0 (Macintosh; Intel Mac OS X 10_15_7) AppleWebKit/537.36 (KHTML, like Gecko) Chrome/148.0.0.0 Safari/537.36\"","service":"sales-dialer-api","timestamp":"2026-06-01 11:06:42"}
{"level":"http","message":"::1 - - [01/Jun/2026:05:36:42 +0000] \"GET /api/calls?page=1&limit=10&sortBy=startTime&order=desc HTTP/1.1\" 200 4553 \"http://localhost:5174/\" \"Mozilla/5.0 (Macintosh; Intel Mac OS X 10_15_7) AppleWebKit/537.36 (KHTML, like Gecko) Chrome/148.0.0.0 Safari/537.36\"","service":"sales-dialer-api","timestamp":"2026-06-01 11:06:42"}
{"level":"http","message":"::1 - - [01/Jun/2026:05:36:43 +0000] \"GET /api/contacts?limit=100 HTTP/1.1\" 200 2247 \"http://localhost:5174/\" \"Mozilla/5.0 (Macintosh; Intel Mac OS X 10_15_7) AppleWebKit/537.36 (KHTML, like Gecko) Chrome/148.0.0.0 Safari/537.36\"","service":"sales-dialer-api","timestamp":"2026-06-01 11:06:43"}
{"level":"http","message":"::1 - - [01/Jun/2026:05:36:44 +0000] \"GET /api/dashboard HTTP/1.1\" 200 3113 \"http://localhost:5174/\" \"Mozilla/5.0 (Macintosh; Intel Mac OS X 10_15_7) AppleWebKit/537.36 (KHTML, like Gecko) Chrome/148.0.0.0 Safari/537.36\"","service":"sales-dialer-api","timestamp":"2026-06-01 11:06:44"}
{"level":"http","message":"::1 - - [01/Jun/2026:05:36:52 +0000] \"GET /api/contacts?page=1&limit=10 HTTP/1.1\" 200 2246 \"http://localhost:5174/\" \"Mozilla/5.0 (Macintosh; Intel Mac OS X 10_15_7) AppleWebKit/537.36 (KHTML, like Gecko) Chrome/148.0.0.0 Safari/537.36\"","service":"sales-dialer-api","timestamp":"2026-06-01 11:06:52"}
{"level":"http","message":"::1 - - [01/Jun/2026:05:36:58 +0000] \"GET /api/contacts?page=1&limit=10&status=interested HTTP/1.1\" 200 188 \"http://localhost:5174/\" \"Mozilla/5.0 (Macintosh; Intel Mac OS X 10_15_7) AppleWebKit/537.36 (KHTML, like Gecko) Chrome/148.0.0.0 Safari/537.36\"","service":"sales-dialer-api","timestamp":"2026-06-01 11:06:58"}
{"level":"http","message":"::1 - - [01/Jun/2026:05:37:00 +0000] \"GET /api/contacts?page=1&limit=10&status=new HTTP/1.1\" 200 2246 \"http://localhost:5174/\" \"Mozilla/5.0 (Macintosh; Intel Mac OS X 10_15_7) AppleWebKit/537.36 (KHTML, like Gecko) Chrome/148.0.0.0 Safari/537.36\"","service":"sales-dialer-api","timestamp":"2026-06-01 11:07:00"}
{"level":"info","message":"WebSocket server initialized","service":"sales-dialer-api","timestamp":"2026-06-01 11:07:01"}
{"environment":"development","level":"info","message":"Server running on port 5001","port":"5001","service":"sales-dialer-api","timestamp":"2026-06-01 11:07:01"}
{"level":"info","message":"API Documentation available at http://localhost:5001/api/docs","service":"sales-dialer-api","timestamp":"2026-06-01 11:07:01"}
{"level":"info","message":"Database connected successfully","service":"sales-dialer-api","timestamp":"2026-06-01 11:07:01"}
{"level":"info","message":"Database models synchronized","service":"sales-dialer-api","timestamp":"2026-06-01 11:07:01"}
{"level":"info","message":"Server ready to accept connections","service":"sales-dialer-api","timestamp":"2026-06-01 11:07:01"}
{"level":"http","message":"::1 - - [01/Jun/2026:05:37:02 +0000] \"GET /api/contacts?page=1&limit=10 HTTP/1.1\" 200 2246 \"http://localhost:5174/\" \"Mozilla/5.0 (Macintosh; Intel Mac OS X 10_15_7) AppleWebKit/537.36 (KHTML, like Gecko) Chrome/148.0.0.0 Safari/537.36\"","service":"sales-dialer-api","timestamp":"2026-06-01 11:07:02"}
{"level":"http","message":"::1 - - [01/Jun/2026:05:37:03 +0000] \"GET /api/contacts?limit=100 HTTP/1.1\" 200 2247 \"http://localhost:5174/\" \"Mozilla/5.0 (Macintosh; Intel Mac OS X 10_15_7) AppleWebKit/537.36 (KHTML, like Gecko) Chrome/148.0.0.0 Safari/537.36\"","service":"sales-dialer-api","timestamp":"2026-06-01 11:07:03"}
{"level":"http","message":"::1 - - [01/Jun/2026:05:37:04 +0000] \"GET /api/contacts/12967ce2-9044-4687-8090-4d7ab34fc52b HTTP/1.1\" 200 374 \"http://localhost:5174/\" \"Mozilla/5.0 (Macintosh; Intel Mac OS X 10_15_7) AppleWebKit/537.36 (KHTML, like Gecko) Chrome/148.0.0.0 Safari/537.36\"","service":"sales-dialer-api","timestamp":"2026-06-01 11:07:04"}
{"level":"http","message":"::1 - - [01/Jun/2026:05:37:06 +0000] \"POST /api/calls/start HTTP/1.1\" 201 691 \"http://localhost:5174/\" \"Mozilla/5.0 (Macintosh; Intel Mac OS X 10_15_7) AppleWebKit/537.36 (KHTML, like Gecko) Chrome/148.0.0.0 Safari/537.36\"","service":"sales-dialer-api","timestamp":"2026-06-01 11:07:06"}
{"level":"info","message":"WebSocket server initialized","service":"sales-dialer-api","timestamp":"2026-06-01 11:07:10"}
{"environment":"development","level":"info","message":"Server running on port 5001","port":"5001","service":"sales-dialer-api","timestamp":"2026-06-01 11:07:10"}
{"level":"info","message":"API Documentation available at http://localhost:5001/api/docs","service":"sales-dialer-api","timestamp":"2026-06-01 11:07:10"}
{"level":"info","message":"Database connected successfully","service":"sales-dialer-api","timestamp":"2026-06-01 11:07:10"}
{"level":"info","message":"Database models synchronized","service":"sales-dialer-api","timestamp":"2026-06-01 11:07:10"}
{"level":"info","message":"Server ready to accept connections","service":"sales-dialer-api","timestamp":"2026-06-01 11:07:10"}
{"level":"http","message":"::1 - - [01/Jun/2026:05:37:10 +0000] \"POST /api/calls/end HTTP/1.1\" 200 414 \"http://localhost:5174/\" \"Mozilla/5.0 (Macintosh; Intel Mac OS X 10_15_7) AppleWebKit/537.36 (KHTML, like Gecko) Chrome/148.0.0.0 Safari/537.36\"","service":"sales-dialer-api","timestamp":"2026-06-01 11:07:10"}
{"level":"http","message":"::1 - - [01/Jun/2026:05:37:16 +0000] \"POST /api/calls/d3d3f367-6240-4aa6-b84d-f94114d358a3/notes HTTP/1.1\" 201 596 \"http://localhost:5174/\" \"Mozilla/5.0 (Macintosh; Intel Mac OS X 10_15_7) AppleWebKit/537.36 (KHTML, like Gecko) Chrome/148.0.0.0 Safari/537.36\"","service":"sales-dialer-api","timestamp":"2026-06-01 11:07:16"}
{"level":"http","message":"::1 - - [01/Jun/2026:05:37:18 +0000] \"GET /api/contacts?page=1&limit=10 HTTP/1.1\" 200 2246 \"http://localhost:5174/\" \"Mozilla/5.0 (Macintosh; Intel Mac OS X 10_15_7) AppleWebKit/537.36 (KHTML, like Gecko) Chrome/148.0.0.0 Safari/537.36\"","service":"sales-dialer-api","timestamp":"2026-06-01 11:07:18"}
{"level":"http","message":"::1 - - [01/Jun/2026:05:37:19 +0000] \"GET /api/contacts?limit=100 HTTP/1.1\" 200 2247 \"http://localhost:5174/\" \"Mozilla/5.0 (Macintosh; Intel Mac OS X 10_15_7) AppleWebKit/537.36 (KHTML, like Gecko) Chrome/148.0.0.0 Safari/537.36\"","service":"sales-dialer-api","timestamp":"2026-06-01 11:07:19"}
{"level":"http","message":"::1 - - [01/Jun/2026:05:37:19 +0000] \"GET /api/calls?page=1&limit=10&sortBy=startTime&order=desc HTTP/1.1\" 200 5423 \"http://localhost:5174/\" \"Mozilla/5.0 (Macintosh; Intel Mac OS X 10_15_7) AppleWebKit/537.36 (KHTML, like Gecko) Chrome/148.0.0.0 Safari/537.36\"","service":"sales-dialer-api","timestamp":"2026-06-01 11:07:19"}
{"level":"http","message":"::1 - - [01/Jun/2026:05:37:20 +0000] \"GET /api/calls/d3d3f367-6240-4aa6-b84d-f94114d358a3/notes HTTP/1.1\" 200 603 \"http://localhost:5174/\" \"Mozilla/5.0 (Macintosh; Intel Mac OS X 10_15_7) AppleWebKit/537.36 (KHTML, like Gecko) Chrome/148.0.0.0 Safari/537.36\"","service":"sales-dialer-api","timestamp":"2026-06-01 11:07:20"}
{"level":"info","message":"WebSocket server initialized","service":"sales-dialer-api","timestamp":"2026-06-01 11:07:36"}
{"environment":"development","level":"info","message":"Server running on port 5001","port":"5001","service":"sales-dialer-api","timestamp":"2026-06-01 11:07:36"}
{"level":"info","message":"API Documentation available at http://localhost:5001/api/docs","service":"sales-dialer-api","timestamp":"2026-06-01 11:07:36"}
{"level":"info","message":"Database connected successfully","service":"sales-dialer-api","timestamp":"2026-06-01 11:07:36"}
{"level":"info","message":"Database models synchronized","service":"sales-dialer-api","timestamp":"2026-06-01 11:07:36"}
{"level":"info","message":"Server ready to accept connections","service":"sales-dialer-api","timestamp":"2026-06-01 11:07:36"}
{"level":"http","message":"::1 - - [01/Jun/2026:05:37:46 +0000] \"POST /api/auth/login HTTP/1.1\" 200 578 \"-\" \"curl/8.7.1\"","service":"sales-dialer-api","timestamp":"2026-06-01 11:07:46"}
{"level":"http","message":"::1 - - [01/Jun/2026:05:38:00 +0000] \"GET /api/contacts?limit=1 HTTP/1.1\" 200 467 \"-\" \"curl/8.7.1\"","service":"sales-dialer-api","timestamp":"2026-06-01 11:08:00"}
{"level":"http","message":"::1 - - [01/Jun/2026:05:38:00 +0000] \"POST /api/contacts/import HTTP/1.1\" 200 130 \"-\" \"curl/8.7.1\"","service":"sales-dialer-api","timestamp":"2026-06-01 11:08:00"}
{"level":"http","message":"::1 - - [01/Jun/2026:05:38:00 +0000] \"GET /api/contacts?limit=5&search=John HTTP/1.1\" 200 476 \"-\" \"curl/8.7.1\"","service":"sales-dialer-api","timestamp":"2026-06-01 11:08:00"}
{"ip":"::1","level":"error","message":"Server Error: Only CSV files are allowed","method":"POST","requestId":"req_1780292296694_ipb4pw66k","service":"sales-dialer-api","stack":"Error: Only CSV files are allowed\n    at fileFilter (/Users/user/sales-dialer/backend/src/routes/contacts.js:42:10)\n    at wrappedFileFilter (/Users/user/sales-dialer/backend/node_modules/multer/index.js:44:7)\n    at Multipart.<anonymous> (/Users/user/sales-dialer/backend/node_modules/multer/lib/make-middleware.js:109:7)\n    at Multipart.emit (node:events:508:28)\n    at HeaderParser.cb (/Users/user/sales-dialer/backend/node_modules/busboy/lib/types/multipart.js:358:14)\n    at HeaderParser.push (/Users/user/sales-dialer/backend/node_modules/busboy/lib/types/multipart.js:162:20)\n    at SBMH.ssCb [as _cb] (/Users/user/sales-dialer/backend/node_modules/busboy/lib/types/multipart.js:394:37)\n    at feed (/Users/user/sales-dialer/backend/node_modules/streamsearch/lib/sbmh.js:219:14)\n    at SBMH.push (/Users/user/sales-dialer/backend/node_modules/streamsearch/lib/sbmh.js:104:16)\n    at Multipart._write (/Users/user/sales-dialer/backend/node_modules/busboy/lib/types/multipart.js:567:19)","timestamp":"2026-06-01 11:08:16","url":"/api/contacts/import"}
{"level":"http","message":"::1 - - [01/Jun/2026:05:38:16 +0000] \"POST /api/contacts/import HTTP/1.1\" 500 95 \"-\" \"curl/8.7.1\"","service":"sales-dialer-api","timestamp":"2026-06-01 11:08:16"}
{"level":"http","message":"::1 - - [01/Jun/2026:05:38:16 +0000] \"POST /api/contacts/import HTTP/1.1\" 400 91 \"-\" \"curl/8.7.1\"","service":"sales-dialer-api","timestamp":"2026-06-01 11:08:16"}
{"level":"http","message":"::1 - - [01/Jun/2026:05:38:16 +0000] \"POST /api/contacts/import HTTP/1.1\" 200 166 \"-\" \"curl/8.7.1\"","service":"sales-dialer-api","timestamp":"2026-06-01 11:08:16"}
{"level":"http","message":"::1 - - [01/Jun/2026:05:38:29 +0000] \"DELETE /api/contacts/459d15e0-2f23-4f3e-a7ef-84e88c48db72 HTTP/1.1\" 200 95 \"-\" \"curl/8.7.1\"","service":"sales-dialer-api","timestamp":"2026-06-01 11:08:29"}
{"level":"http","message":"::1 - - [01/Jun/2026:05:38:29 +0000] \"GET /api/contacts?limit=1 HTTP/1.1\" 200 467 \"-\" \"curl/8.7.1\"","service":"sales-dialer-api","timestamp":"2026-06-01 11:08:29"}
{"level":"http","message":"::1 - - [01/Jun/2026:05:39:59 +0000] \"POST /api/auth/login HTTP/1.1\" 200 578 \"http://localhost:5174/\" \"Mozilla/5.0 (Macintosh; Intel Mac OS X 10_15_7) AppleWebKit/537.36 (KHTML, like Gecko) Chrome/148.0.0.0 Safari/537.36\"","service":"sales-dialer-api","timestamp":"2026-06-01 11:09:59"}
{"level":"http","message":"::1 - - [01/Jun/2026:05:39:59 +0000] \"GET /api/calls?page=1&limit=10&sortBy=startTime&order=desc HTTP/1.1\" 200 5423 \"http://localhost:5174/\" \"Mozilla/5.0 (Macintosh; Intel Mac OS X 10_15_7) AppleWebKit/537.36 (KHTML, like Gecko) Chrome/148.0.0.0 Safari/537.36\"","service":"sales-dialer-api","timestamp":"2026-06-01 11:09:59"}
{"level":"http","message":"::1 - - [01/Jun/2026:05:39:59 +0000] \"GET /api/contacts?limit=100 HTTP/1.1\" 200 2247 \"http://localhost:5174/\" \"Mozilla/5.0 (Macintosh; Intel Mac OS X 10_15_7) AppleWebKit/537.36 (KHTML, like Gecko) Chrome/148.0.0.0 Safari/537.36\"","service":"sales-dialer-api","timestamp":"2026-06-01 11:09:59"}
{"level":"http","message":"::1 - - [01/Jun/2026:05:40:03 +0000] \"GET /api/dashboard HTTP/1.1\" 200 3109 \"http://localhost:5174/\" \"Mozilla/5.0 (Macintosh; Intel Mac OS X 10_15_7) AppleWebKit/537.36 (KHTML, like Gecko) Chrome/148.0.0.0 Safari/537.36\"","service":"sales-dialer-api","timestamp":"2026-06-01 11:10:03"}
{"level":"http","message":"::1 - - [01/Jun/2026:05:40:03 +0000] \"GET /api/contacts?page=1&limit=10 HTTP/1.1\" 200 2246 \"http://localhost:5174/\" \"Mozilla/5.0 (Macintosh; Intel Mac OS X 10_15_7) AppleWebKit/537.36 (KHTML, like Gecko) Chrome/148.0.0.0 Safari/537.36\"","service":"sales-dialer-api","timestamp":"2026-06-01 11:10:03"}
{"level":"http","message":"::1 - - [01/Jun/2026:05:40:08 +0000] \"GET /api/contacts?page=1&limit=10&search=kamran HTTP/1.1\" 200 1946 \"http://localhost:5174/\" \"Mozilla/5.0 (Macintosh; Intel Mac OS X 10_15_7) AppleWebKit/537.36 (KHTML, like Gecko) Chrome/148.0.0.0 Safari/537.36\"","service":"sales-dialer-api","timestamp":"2026-06-01 11:10:08"}
{"level":"http","message":"::1 - - [01/Jun/2026:05:40:14 +0000] \"PUT /api/contacts/12967ce2-9044-4687-8090-4d7ab34fc52b HTTP/1.1\" 200 379 \"http://localhost:5174/\" \"Mozilla/5.0 (Macintosh; Intel Mac OS X 10_15_7) AppleWebKit/537.36 (KHTML, like Gecko) Chrome/148.0.0.0 Safari/537.36\"","service":"sales-dialer-api","timestamp":"2026-06-01 11:10:14"}
{"level":"http","message":"::1 - - [01/Jun/2026:05:40:14 +0000] \"GET /api/contacts?page=1&limit=10&search=kamran HTTP/1.1\" 200 1953 \"http://localhost:5174/\" \"Mozilla/5.0 (Macintosh; Intel Mac OS X 10_15_7) AppleWebKit/537.36 (KHTML, like Gecko) Chrome/148.0.0.0 Safari/537.36\"","service":"sales-dialer-api","timestamp":"2026-06-01 11:10:14"}
{"level":"http","message":"::1 - - [01/Jun/2026:05:40:17 +0000] \"GET /api/contacts?page=1&limit=10&search=kamran&status=interested HTTP/1.1\" 200 476 \"http://localhost:5174/\" \"Mozilla/5.0 (Macintosh; Intel Mac OS X 10_15_7) AppleWebKit/537.36 (KHTML, like Gecko) Chrome/148.0.0.0 Safari/537.36\"","service":"sales-dialer-api","timestamp":"2026-06-01 11:10:17"}
{"level":"http","message":"::1 - - [01/Jun/2026:05:40:19 +0000] \"GET /api/dashboard HTTP/1.1\" 200 3112 \"http://localhost:5174/\" \"Mozilla/5.0 (Macintosh; Intel Mac OS X 10_15_7) AppleWebKit/537.36 (KHTML, like Gecko) Chrome/148.0.0.0 Safari/537.36\"","service":"sales-dialer-api","timestamp":"2026-06-01 11:10:19"}
{"level":"http","message":"::1 - - [01/Jun/2026:05:40:27 +0000] \"GET /api/contacts?page=1&limit=10 HTTP/1.1\" 200 2253 \"http://localhost:5174/\" \"Mozilla/5.0 (Macintosh; Intel Mac OS X 10_15_7) AppleWebKit/537.36 (KHTML, like Gecko) Chrome/148.0.0.0 Safari/537.36\"","service":"sales-dialer-api","timestamp":"2026-06-01 11:10:27"}
{"level":"http","message":"::1 - - [01/Jun/2026:05:40:37 +0000] \"POST /api/contacts/import HTTP/1.1\" 200 178 \"http://localhost:5174/\" \"Mozilla/5.0 (Macintosh; Intel Mac OS X 10_15_7) AppleWebKit/537.36 (KHTML, like Gecko) Chrome/148.0.0.0 Safari/537.36\"","service":"sales-dialer-api","timestamp":"2026-06-01 11:10:37"}
{"level":"http","message":"::1 - - [01/Jun/2026:05:40:37 +0000] \"GET /api/contacts?page=1&limit=10 HTTP/1.1\" 200 2253 \"http://localhost:5174/\" \"Mozilla/5.0 (Macintosh; Intel Mac OS X 10_15_7) AppleWebKit/537.36 (KHTML, like Gecko) Chrome/148.0.0.0 Safari/537.36\"","service":"sales-dialer-api","timestamp":"2026-06-01 11:10:37"}
{"level":"http","message":"::1 - - [01/Jun/2026:05:45:14 +0000] \"POST /api/contacts/import HTTP/1.1\" 200 12775 \"http://localhost:5174/\" \"Mozilla/5.0 (Macintosh; Intel Mac OS X 10_15_7) AppleWebKit/537.36 (KHTML, like Gecko) Chrome/148.0.0.0 Safari/537.36\"","service":"sales-dialer-api","timestamp":"2026-06-01 11:15:14"}
{"level":"http","message":"::1 - - [01/Jun/2026:05:45:14 +0000] \"GET /api/contacts?page=1&limit=10 HTTP/1.1\" 200 2253 \"http://localhost:5174/\" \"Mozilla/5.0 (Macintosh; Intel Mac OS X 10_15_7) AppleWebKit/537.36 (KHTML, like Gecko) Chrome/148.0.0.0 Safari/537.36\"","service":"sales-dialer-api","timestamp":"2026-06-01 11:15:14"}
{"level":"http","message":"::1 - - [01/Jun/2026:05:46:41 +0000] \"POST /api/contacts/import HTTP/1.1\" 200 130 \"http://localhost:5174/\" \"Mozilla/5.0 (Macintosh; Intel Mac OS X 10_15_7) AppleWebKit/537.36 (KHTML, like Gecko) Chrome/148.0.0.0 Safari/537.36\"","service":"sales-dialer-api","timestamp":"2026-06-01 11:16:41"}
{"level":"http","message":"::1 - - [01/Jun/2026:05:46:41 +0000] \"GET /api/contacts?page=1&limit=10 HTTP/1.1\" 200 3144 \"http://localhost:5174/\" \"Mozilla/5.0 (Macintosh; Intel Mac OS X 10_15_7) AppleWebKit/537.36 (KHTML, like Gecko) Chrome/148.0.0.0 Safari/537.36\"","service":"sales-dialer-api","timestamp":"2026-06-01 11:16:41"}
{"level":"http","message":"::1 - - [01/Jun/2026:05:46:57 +0000] \"GET /api/contacts?page=2&limit=10 HTTP/1.1\" 200 792 \"http://localhost:5174/\" \"Mozilla/5.0 (Macintosh; Intel Mac OS X 10_15_7) AppleWebKit/537.36 (KHTML, like Gecko) Chrome/148.0.0.0 Safari/537.36\"","service":"sales-dialer-api","timestamp":"2026-06-01 11:16:57"}
{"level":"http","message":"::1 - - [01/Jun/2026:05:46:59 +0000] \"GET /api/contacts?page=1&limit=10 HTTP/1.1\" 200 3144 \"http://localhost:5174/\" \"Mozilla/5.0 (Macintosh; Intel Mac OS X 10_15_7) AppleWebKit/537.36 (KHTML, like Gecko) Chrome/148.0.0.0 Safari/537.36\"","service":"sales-dialer-api","timestamp":"2026-06-01 11:16:59"}
{"level":"http","message":"::1 - - [01/Jun/2026:05:47:05 +0000] \"GET /api/dashboard HTTP/1.1\" 200 3114 \"http://localhost:5174/\" \"Mozilla/5.0 (Macintosh; Intel Mac OS X 10_15_7) AppleWebKit/537.36 (KHTML, like Gecko) Chrome/148.0.0.0 Safari/537.36\"","service":"sales-dialer-api","timestamp":"2026-06-01 11:17:05"}
{"level":"http","message":"::1 - - [01/Jun/2026:05:47:24 +0000] \"GET /api/contacts?page=1&limit=10 HTTP/1.1\" 200 3144 \"http://localhost:5174/\" \"Mozilla/5.0 (Macintosh; Intel Mac OS X 10_15_7) AppleWebKit/537.36 (KHTML, like Gecko) Chrome/148.0.0.0 Safari/537.36\"","service":"sales-dialer-api","timestamp":"2026-06-01 11:17:24"}
{"level":"http","message":"::1 - - [01/Jun/2026:05:47:30 +0000] \"GET /api/contacts?limit=100 HTTP/1.1\" 200 3751 \"http://localhost:5174/\" \"Mozilla/5.0 (Macintosh; Intel Mac OS X 10_15_7) AppleWebKit/537.36 (KHTML, like Gecko) Chrome/148.0.0.0 Safari/537.36\"","service":"sales-dialer-api","timestamp":"2026-06-01 11:17:30"}
{"level":"http","message":"::1 - - [01/Jun/2026:05:47:34 +0000] \"GET /api/contacts?limit=100 HTTP/1.1\" 200 3751 \"http://localhost:5174/\" \"Mozilla/5.0 (Macintosh; Intel Mac OS X 10_15_7) AppleWebKit/537.36 (KHTML, like Gecko) Chrome/148.0.0.0 Safari/537.36\"","service":"sales-dialer-api","timestamp":"2026-06-01 11:17:34"}
{"level":"http","message":"::1 - - [01/Jun/2026:05:47:34 +0000] \"GET /api/calls?page=1&limit=10&sortBy=startTime&order=desc HTTP/1.1\" 200 5423 \"http://localhost:5174/\" \"Mozilla/5.0 (Macintosh; Intel Mac OS X 10_15_7) AppleWebKit/537.36 (KHTML, like Gecko) Chrome/148.0.0.0 Safari/537.36\"","service":"sales-dialer-api","timestamp":"2026-06-01 11:17:34"}
{"level":"http","message":"::1 - - [01/Jun/2026:06:02:56 +0000] \"GET /api/contacts?limit=100 HTTP/1.1\" 200 3751 \"http://localhost:5174/\" \"Mozilla/5.0 (Macintosh; Intel Mac OS X 10_15_7) AppleWebKit/537.36 (KHTML, like Gecko) Chrome/148.0.0.0 Safari/537.36\"","service":"sales-dialer-api","timestamp":"2026-06-01 11:32:56"}
{"level":"http","message":"::1 - - [01/Jun/2026:06:02:56 +0000] \"GET /api/calls?page=1&limit=10&sortBy=startTime&order=desc HTTP/1.1\" 200 5423 \"http://localhost:5174/\" \"Mozilla/5.0 (Macintosh; Intel Mac OS X 10_15_7) AppleWebKit/537.36 (KHTML, like Gecko) Chrome/148.0.0.0 Safari/537.36\"","service":"sales-dialer-api","timestamp":"2026-06-01 11:32:56"}
{"level":"http","message":"::1 - - [01/Jun/2026:06:10:40 +0000] \"GET /api/auth/me HTTP/1.1\" 200 323 \"http://localhost:5174/\" \"Mozilla/5.0 (Macintosh; Intel Mac OS X 10_15_7) AppleWebKit/537.36 (KHTML, like Gecko) Chrome/148.0.0.0 Safari/537.36\"","service":"sales-dialer-api","timestamp":"2026-06-01 11:40:40"}
{"level":"http","message":"::1 - - [01/Jun/2026:06:10:40 +0000] \"GET /api/auth/me HTTP/1.1\" 200 323 \"http://localhost:5174/\" \"Mozilla/5.0 (Macintosh; Intel Mac OS X 10_15_7) AppleWebKit/537.36 (KHTML, like Gecko) Chrome/148.0.0.0 Safari/537.36\"","service":"sales-dialer-api","timestamp":"2026-06-01 11:40:40"}
{"level":"http","message":"::1 - - [01/Jun/2026:06:10:40 +0000] \"GET /api/contacts?limit=100 HTTP/1.1\" 200 3751 \"http://localhost:5174/\" \"Mozilla/5.0 (Macintosh; Intel Mac OS X 10_15_7) AppleWebKit/537.36 (KHTML, like Gecko) Chrome/148.0.0.0 Safari/537.36\"","service":"sales-dialer-api","timestamp":"2026-06-01 11:40:40"}
{"level":"http","message":"::1 - - [01/Jun/2026:06:10:40 +0000] \"GET /api/calls?page=1&limit=10&sortBy=startTime&order=desc HTTP/1.1\" 200 5423 \"http://localhost:5174/\" \"Mozilla/5.0 (Macintosh; Intel Mac OS X 10_15_7) AppleWebKit/537.36 (KHTML, like Gecko) Chrome/148.0.0.0 Safari/537.36\"","service":"sales-dialer-api","timestamp":"2026-06-01 11:40:40"}
{"level":"http","message":"::1 - - [01/Jun/2026:06:10:47 +0000] \"GET /api/auth/me HTTP/1.1\" 200 323 \"http://localhost:5174/\" \"Mozilla/5.0 (Macintosh; Intel Mac OS X 10_15_7) AppleWebKit/537.36 (KHTML, like Gecko) Chrome/148.0.0.0 Safari/537.36\"","service":"sales-dialer-api","timestamp":"2026-06-01 11:40:47"}
{"level":"http","message":"::1 - - [01/Jun/2026:06:10:47 +0000] \"GET /api/auth/me HTTP/1.1\" 200 323 \"http://localhost:5174/\" \"Mozilla/5.0 (Macintosh; Intel Mac OS X 10_15_7) AppleWebKit/537.36 (KHTML, like Gecko) Chrome/148.0.0.0 Safari/537.36\"","service":"sales-dialer-api","timestamp":"2026-06-01 11:40:47"}
{"level":"http","message":"::1 - - [01/Jun/2026:06:10:47 +0000] \"GET /api/dashboard HTTP/1.1\" 200 3114 \"http://localhost:5174/\" \"Mozilla/5.0 (Macintosh; Intel Mac OS X 10_15_7) AppleWebKit/537.36 (KHTML, like Gecko) Chrome/148.0.0.0 Safari/537.36\"","service":"sales-dialer-api","timestamp":"2026-06-01 11:40:47"}
{"level":"http","message":"::1 - - [01/Jun/2026:06:10:56 +0000] \"GET /api/contacts?page=1&limit=10 HTTP/1.1\" 200 3144 \"http://localhost:5174/\" \"Mozilla/5.0 (Macintosh; Intel Mac OS X 10_15_7) AppleWebKit/537.36 (KHTML, like Gecko) Chrome/148.0.0.0 Safari/537.36\"","service":"sales-dialer-api","timestamp":"2026-06-01 11:40:56"}
{"level":"http","message":"::1 - - [01/Jun/2026:06:11:03 +0000] \"GET /api/contacts?limit=100 HTTP/1.1\" 200 3751 \"http://localhost:5174/\" \"Mozilla/5.0 (Macintosh; Intel Mac OS X 10_15_7) AppleWebKit/537.36 (KHTML, like Gecko) Chrome/148.0.0.0 Safari/537.36\"","service":"sales-dialer-api","timestamp":"2026-06-01 11:41:03"}
{"level":"http","message":"::1 - - [01/Jun/2026:06:11:08 +0000] \"GET /api/contacts?limit=100 HTTP/1.1\" 200 3751 \"http://localhost:5174/\" \"Mozilla/5.0 (Macintosh; Intel Mac OS X 10_15_7) AppleWebKit/537.36 (KHTML, like Gecko) Chrome/148.0.0.0 Safari/537.36\"","service":"sales-dialer-api","timestamp":"2026-06-01 11:41:08"}
{"level":"http","message":"::1 - - [01/Jun/2026:06:11:08 +0000] \"GET /api/calls?page=1&limit=10&sortBy=startTime&order=desc HTTP/1.1\" 200 5423 \"http://localhost:5174/\" \"Mozilla/5.0 (Macintosh; Intel Mac OS X 10_15_7) AppleWebKit/537.36 (KHTML, like Gecko) Chrome/148.0.0.0 Safari/537.36\"","service":"sales-dialer-api","timestamp":"2026-06-01 11:41:08"}
{"level":"http","message":"::1 - - [01/Jun/2026:06:11:13 +0000] \"GET /api/calls/7d41707c-d034-4148-a97b-40cd384b3647/notes HTTP/1.1\" 200 93 \"http://localhost:5174/\" \"Mozilla/5.0 (Macintosh; Intel Mac OS X 10_15_7) AppleWebKit/537.36 (KHTML, like Gecko) Chrome/148.0.0.0 Safari/537.36\"","service":"sales-dialer-api","timestamp":"2026-06-01 11:41:13"}
{"level":"http","message":"::1 - - [01/Jun/2026:06:11:15 +0000] \"GET /api/calls/d3d3f367-6240-4aa6-b84d-f94114d358a3/notes HTTP/1.1\" 200 603 \"http://localhost:5174/\" \"Mozilla/5.0 (Macintosh; Intel Mac OS X 10_15_7) AppleWebKit/537.36 (KHTML, like Gecko) Chrome/148.0.0.0 Safari/537.36\"","service":"sales-dialer-api","timestamp":"2026-06-01 11:41:15"}
{"level":"http","message":"::1 - - [01/Jun/2026:06:11:18 +0000] \"GET /api/dashboard HTTP/1.1\" 200 3114 \"http://localhost:5174/\" \"Mozilla/5.0 (Macintosh; Intel Mac OS X 10_15_7) AppleWebKit/537.36 (KHTML, like Gecko) Chrome/148.0.0.0 Safari/537.36\"","service":"sales-dialer-api","timestamp":"2026-06-01 11:41:18"}
{"level":"http","message":"::1 - - [01/Jun/2026:06:11:31 +0000] \"GET /api/contacts?page=1&limit=10 HTTP/1.1\" 200 3144 \"http://localhost:5174/\" \"Mozilla/5.0 (Macintosh; Intel Mac OS X 10_15_7) AppleWebKit/537.36 (KHTML, like Gecko) Chrome/148.0.0.0 Safari/537.36\"","service":"sales-dialer-api","timestamp":"2026-06-01 11:41:31"}
{"level":"http","message":"::1 - - [01/Jun/2026:06:11:37 +0000] \"GET /api/contacts?limit=100 HTTP/1.1\" 200 3751 \"http://localhost:5174/\" \"Mozilla/5.0 (Macintosh; Intel Mac OS X 10_15_7) AppleWebKit/537.36 (KHTML, like Gecko) Chrome/148.0.0.0 Safari/537.36\"","service":"sales-dialer-api","timestamp":"2026-06-01 11:41:37"}
{"level":"http","message":"::1 - - [01/Jun/2026:06:11:43 +0000] \"GET /api/contacts?limit=100 HTTP/1.1\" 200 3751 \"http://localhost:5174/\" \"Mozilla/5.0 (Macintosh; Intel Mac OS X 10_15_7) AppleWebKit/537.36 (KHTML, like Gecko) Chrome/148.0.0.0 Safari/537.36\"","service":"sales-dialer-api","timestamp":"2026-06-01 11:41:43"}
{"level":"http","message":"::1 - - [01/Jun/2026:06:11:43 +0000] \"GET /api/calls?page=1&limit=10&sortBy=startTime&order=desc HTTP/1.1\" 200 5423 \"http://localhost:5174/\" \"Mozilla/5.0 (Macintosh; Intel Mac OS X 10_15_7) AppleWebKit/537.36 (KHTML, like Gecko) Chrome/148.0.0.0 Safari/537.36\"","service":"sales-dialer-api","timestamp":"2026-06-01 11:41:43"}
{"level":"http","message":"::1 - - [01/Jun/2026:06:24:48 +0000] \"GET /api/dashboard HTTP/1.1\" 200 3114 \"http://localhost:5174/\" \"Mozilla/5.0 (Macintosh; Intel Mac OS X 10_15_7) AppleWebKit/537.36 (KHTML, like Gecko) Chrome/148.0.0.0 Safari/537.36\"","service":"sales-dialer-api","timestamp":"2026-06-01 11:54:48"}
{"level":"http","message":"::1 - - [01/Jun/2026:06:24:52 +0000] \"GET /api/contacts?page=1&limit=10 HTTP/1.1\" 200 3144 \"http://localhost:5174/\" \"Mozilla/5.0 (Macintosh; Intel Mac OS X 10_15_7) AppleWebKit/537.36 (KHTML, like Gecko) Chrome/148.0.0.0 Safari/537.36\"","service":"sales-dialer-api","timestamp":"2026-06-01 11:54:52"}
{"level":"http","message":"::1 - - [01/Jun/2026:06:24:59 +0000] \"PUT /api/contacts/6d4aa3ee-1ab1-4ca5-8a56-fb0a3ba4de18 HTTP/1.1\" 200 391 \"http://localhost:5174/\" \"Mozilla/5.0 (Macintosh; Intel Mac OS X 10_15_7) AppleWebKit/537.36 (KHTML, like Gecko) Chrome/148.0.0.0 Safari/537.36\"","service":"sales-dialer-api","timestamp":"2026-06-01 11:54:59"}
{"level":"http","message":"::1 - - [01/Jun/2026:06:24:59 +0000] \"GET /api/contacts?page=1&limit=10 HTTP/1.1\" 200 3142 \"http://localhost:5174/\" \"Mozilla/5.0 (Macintosh; Intel Mac OS X 10_15_7) AppleWebKit/537.36 (KHTML, like Gecko) Chrome/148.0.0.0 Safari/537.36\"","service":"sales-dialer-api","timestamp":"2026-06-01 11:54:59"}
{"level":"http","message":"::1 - - [01/Jun/2026:06:25:00 +0000] \"GET /api/dashboard HTTP/1.1\" 200 3114 \"http://localhost:5174/\" \"Mozilla/5.0 (Macintosh; Intel Mac OS X 10_15_7) AppleWebKit/537.36 (KHTML, like Gecko) Chrome/148.0.0.0 Safari/537.36\"","service":"sales-dialer-api","timestamp":"2026-06-01 11:55:00"}
{"level":"http","message":"::1 - - [01/Jun/2026:06:25:05 +0000] \"GET /api/contacts?page=1&limit=10 HTTP/1.1\" 200 3142 \"http://localhost:5174/\" \"Mozilla/5.0 (Macintosh; Intel Mac OS X 10_15_7) AppleWebKit/537.36 (KHTML, like Gecko) Chrome/148.0.0.0 Safari/537.36\"","service":"sales-dialer-api","timestamp":"2026-06-01 11:55:05"}
{"level":"http","message":"::1 - - [01/Jun/2026:06:25:16 +0000] \"PUT /api/contacts/6d4aa3ee-1ab1-4ca5-8a56-fb0a3ba4de18 HTTP/1.1\" 200 390 \"http://localhost:5174/\" \"Mozilla/5.0 (Macintosh; Intel Mac OS X 10_15_7) AppleWebKit/537.36 (KHTML, like Gecko) Chrome/148.0.0.0 Safari/537.36\"","service":"sales-dialer-api","timestamp":"2026-06-01 11:55:16"}
{"level":"http","message":"::1 - - [01/Jun/2026:06:25:16 +0000] \"GET /api/contacts?page=1&limit=10 HTTP/1.1\" 200 3141 \"http://localhost:5174/\" \"Mozilla/5.0 (Macintosh; Intel Mac OS X 10_15_7) AppleWebKit/537.36 (KHTML, like Gecko) Chrome/148.0.0.0 Safari/537.36\"","service":"sales-dialer-api","timestamp":"2026-06-01 11:55:16"}
{"level":"http","message":"::1 - - [01/Jun/2026:06:25:18 +0000] \"GET /api/dashboard HTTP/1.1\" 200 3113 \"http://localhost:5174/\" \"Mozilla/5.0 (Macintosh; Intel Mac OS X 10_15_7) AppleWebKit/537.36 (KHTML, like Gecko) Chrome/148.0.0.0 Safari/537.36\"","service":"sales-dialer-api","timestamp":"2026-06-01 11:55:18"}
{"level":"http","message":"::1 - - [01/Jun/2026:06:25:20 +0000] \"GET /api/auth/me HTTP/1.1\" 200 323 \"http://localhost:5174/\" \"Mozilla/5.0 (Macintosh; Intel Mac OS X 10_15_7) AppleWebKit/537.36 (KHTML, like Gecko) Chrome/148.0.0.0 Safari/537.36\"","service":"sales-dialer-api","timestamp":"2026-06-01 11:55:20"}
{"level":"http","message":"::1 - - [01/Jun/2026:06:25:20 +0000] \"GET /api/auth/me HTTP/1.1\" 200 323 \"http://localhost:5174/\" \"Mozilla/5.0 (Macintosh; Intel Mac OS X 10_15_7) AppleWebKit/537.36 (KHTML, like Gecko) Chrome/148.0.0.0 Safari/537.36\"","service":"sales-dialer-api","timestamp":"2026-06-01 11:55:20"}
{"level":"http","message":"::1 - - [01/Jun/2026:06:25:20 +0000] \"GET /api/dashboard HTTP/1.1\" 200 3113 \"http://localhost:5174/\" \"Mozilla/5.0 (Macintosh; Intel Mac OS X 10_15_7) AppleWebKit/537.36 (KHTML, like Gecko) Chrome/148.0.0.0 Safari/537.36\"","service":"sales-dialer-api","timestamp":"2026-06-01 11:55:20"}
{"level":"http","message":"::1 - - [01/Jun/2026:06:29:46 +0000] \"GET /api/dashboard HTTP/1.1\" 200 3113 \"http://localhost:5174/\" \"Mozilla/5.0 (Macintosh; Intel Mac OS X 10_15_7) AppleWebKit/537.36 (KHTML, like Gecko) Chrome/148.0.0.0 Safari/537.36\"","service":"sales-dialer-api","timestamp":"2026-06-01 11:59:46"}
{"level":"http","message":"::1 - - [01/Jun/2026:06:30:05 +0000] \"GET /api/contacts?page=1&limit=10 HTTP/1.1\" 200 3141 \"http://localhost:5174/\" \"Mozilla/5.0 (Macintosh; Intel Mac OS X 10_15_7) AppleWebKit/537.36 (KHTML, like Gecko) Chrome/148.0.0.0 Safari/537.36\"","service":"sales-dialer-api","timestamp":"2026-06-01 12:00:05"}
{"level":"http","message":"::1 - - [01/Jun/2026:06:30:07 +0000] \"GET /api/dashboard HTTP/1.1\" 200 3113 \"http://localhost:5174/\" \"Mozilla/5.0 (Macintosh; Intel Mac OS X 10_15_7) AppleWebKit/537.36 (KHTML, like Gecko) Chrome/148.0.0.0 Safari/537.36\"","service":"sales-dialer-api","timestamp":"2026-06-01 12:00:07"}
{"level":"http","message":"::1 - - [01/Jun/2026:06:30:10 +0000] \"GET /api/contacts?page=1&limit=10 HTTP/1.1\" 200 3141 \"http://localhost:5174/\" \"Mozilla/5.0 (Macintosh; Intel Mac OS X 10_15_7) AppleWebKit/537.36 (KHTML, like Gecko) Chrome/148.0.0.0 Safari/537.36\"","service":"sales-dialer-api","timestamp":"2026-06-01 12:00:10"}
{"level":"http","message":"::1 - - [01/Jun/2026:06:30:10 +0000] \"GET /api/contacts?limit=100 HTTP/1.1\" 200 3748 \"http://localhost:5174/\" \"Mozilla/5.0 (Macintosh; Intel Mac OS X 10_15_7) AppleWebKit/537.36 (KHTML, like Gecko) Chrome/148.0.0.0 Safari/537.36\"","service":"sales-dialer-api","timestamp":"2026-06-01 12:00:10"}
{"level":"http","message":"::1 - - [01/Jun/2026:06:30:11 +0000] \"GET /api/contacts?limit=100 HTTP/1.1\" 200 3748 \"http://localhost:5174/\" \"Mozilla/5.0 (Macintosh; Intel Mac OS X 10_15_7) AppleWebKit/537.36 (KHTML, like Gecko) Chrome/148.0.0.0 Safari/537.36\"","service":"sales-dialer-api","timestamp":"2026-06-01 12:00:11"}
{"level":"http","message":"::1 - - [01/Jun/2026:06:30:11 +0000] \"GET /api/calls?page=1&limit=10&sortBy=startTime&order=desc HTTP/1.1\" 200 5423 \"http://localhost:5174/\" \"Mozilla/5.0 (Macintosh; Intel Mac OS X 10_15_7) AppleWebKit/537.36 (KHTML, like Gecko) Chrome/148.0.0.0 Safari/537.36\"","service":"sales-dialer-api","timestamp":"2026-06-01 12:00:11"}
{"level":"http","message":"::1 - - [01/Jun/2026:06:30:14 +0000] \"GET /api/calls/e4f5525e-02f9-4a2c-95c1-4a3ecf8eabb5/notes HTTP/1.1\" 200 528 \"http://localhost:5174/\" \"Mozilla/5.0 (Macintosh; Intel Mac OS X 10_15_7) AppleWebKit/537.36 (KHTML, like Gecko) Chrome/148.0.0.0 Safari/537.36\"","service":"sales-dialer-api","timestamp":"2026-06-01 12:00:14"}
{"level":"http","message":"::1 - - [01/Jun/2026:06:30:16 +0000] \"GET /api/calls/a5ec888c-e090-44a8-bf11-2c59488e2086/notes HTTP/1.1\" 200 553 \"http://localhost:5174/\" \"Mozilla/5.0 (Macintosh; Intel Mac OS X 10_15_7) AppleWebKit/537.36 (KHTML, like Gecko) Chrome/148.0.0.0 Safari/537.36\"","service":"sales-dialer-api","timestamp":"2026-06-01 12:00:16"}
{"level":"http","message":"::1 - - [01/Jun/2026:06:30:16 +0000] \"GET /api/calls/d3d3f367-6240-4aa6-b84d-f94114d358a3/notes HTTP/1.1\" 200 603 \"http://localhost:5174/\" \"Mozilla/5.0 (Macintosh; Intel Mac OS X 10_15_7) AppleWebKit/537.36 (KHTML, like Gecko) Chrome/148.0.0.0 Safari/537.36\"","service":"sales-dialer-api","timestamp":"2026-06-01 12:00:16"}
{"level":"http","message":"::1 - - [01/Jun/2026:06:30:17 +0000] \"GET /api/dashboard HTTP/1.1\" 200 3113 \"http://localhost:5174/\" \"Mozilla/5.0 (Macintosh; Intel Mac OS X 10_15_7) AppleWebKit/537.36 (KHTML, like Gecko) Chrome/148.0.0.0 Safari/537.36\"","service":"sales-dialer-api","timestamp":"2026-06-01 12:00:17"}
{"level":"http","message":"::1 - - [01/Jun/2026:06:40:14 +0000] \"GET /api/contacts?page=1&limit=10 HTTP/1.1\" 200 3141 \"http://localhost:5174/\" \"Mozilla/5.0 (Macintosh; Intel Mac OS X 10_15_7) AppleWebKit/537.36 (KHTML, like Gecko) Chrome/148.0.0.0 Safari/537.36\"","service":"sales-dialer-api","timestamp":"2026-06-01 12:10:14"}
{"level":"http","message":"::1 - - [01/Jun/2026:06:40:14 +0000] \"GET /api/dashboard HTTP/1.1\" 200 3113 \"http://localhost:5174/\" \"Mozilla/5.0 (Macintosh; Intel Mac OS X 10_15_7) AppleWebKit/537.36 (KHTML, like Gecko) Chrome/148.0.0.0 Safari/537.36\"","service":"sales-dialer-api","timestamp":"2026-06-01 12:10:14"}
{"level":"http","message":"::1 - - [01/Jun/2026:06:40:15 +0000] \"GET /api/contacts?page=1&limit=10 HTTP/1.1\" 200 3141 \"http://localhost:5174/\" \"Mozilla/5.0 (Macintosh; Intel Mac OS X 10_15_7) AppleWebKit/537.36 (KHTML, like Gecko) Chrome/148.0.0.0 Safari/537.36\"","service":"sales-dialer-api","timestamp":"2026-06-01 12:10:15"}
{"level":"http","message":"::1 - - [01/Jun/2026:06:40:20 +0000] \"PUT /api/contacts/d1c9353c-2ec9-4c41-97dc-1af1adef4d63 HTTP/1.1\" 200 399 \"http://localhost:5174/\" \"Mozilla/5.0 (Macintosh; Intel Mac OS X 10_15_7) AppleWebKit/537.36 (KHTML, like Gecko) Chrome/148.0.0.0 Safari/537.36\"","service":"sales-dialer-api","timestamp":"2026-06-01 12:10:20"}
{"level":"http","message":"::1 - - [01/Jun/2026:06:40:20 +0000] \"GET /api/contacts?page=1&limit=10 HTTP/1.1\" 200 3135 \"http://localhost:5174/\" \"Mozilla/5.0 (Macintosh; Intel Mac OS X 10_15_7) AppleWebKit/537.36 (KHTML, like Gecko) Chrome/148.0.0.0 Safari/537.36\"","service":"sales-dialer-api","timestamp":"2026-06-01 12:10:20"}
{"level":"http","message":"::1 - - [01/Jun/2026:06:40:21 +0000] \"GET /api/dashboard HTTP/1.1\" 200 3114 \"http://localhost:5174/\" \"Mozilla/5.0 (Macintosh; Intel Mac OS X 10_15_7) AppleWebKit/537.36 (KHTML, like Gecko) Chrome/148.0.0.0 Safari/537.36\"","service":"sales-dialer-api","timestamp":"2026-06-01 12:10:21"}
{"level":"http","message":"::1 - - [01/Jun/2026:08:52:50 +0000] \"GET /api/auth/me HTTP/1.1\" 200 323 \"http://localhost:5174/\" \"Mozilla/5.0 (Macintosh; Intel Mac OS X 10_15_7) AppleWebKit/537.36 (KHTML, like Gecko) Chrome/148.0.0.0 Safari/537.36\"","service":"sales-dialer-api","timestamp":"2026-06-01 14:22:50"}
{"level":"http","message":"::1 - - [01/Jun/2026:08:52:50 +0000] \"GET /api/auth/me HTTP/1.1\" 200 323 \"http://localhost:5174/\" \"Mozilla/5.0 (Macintosh; Intel Mac OS X 10_15_7) AppleWebKit/537.36 (KHTML, like Gecko) Chrome/148.0.0.0 Safari/537.36\"","service":"sales-dialer-api","timestamp":"2026-06-01 14:22:50"}
{"level":"http","message":"::1 - - [01/Jun/2026:08:52:50 +0000] \"GET /api/dashboard HTTP/1.1\" 200 3114 \"http://localhost:5174/\" \"Mozilla/5.0 (Macintosh; Intel Mac OS X 10_15_7) AppleWebKit/537.36 (KHTML, like Gecko) Chrome/148.0.0.0 Safari/537.36\"","service":"sales-dialer-api","timestamp":"2026-06-01 14:22:50"}
{"level":"http","message":"::1 - - [01/Jun/2026:08:52:51 +0000] \"GET /api/contacts?limit=100 HTTP/1.1\" 200 3742 \"http://localhost:5174/\" \"Mozilla/5.0 (Macintosh; Intel Mac OS X 10_15_7) AppleWebKit/537.36 (KHTML, like Gecko) Chrome/148.0.0.0 Safari/537.36\"","service":"sales-dialer-api","timestamp":"2026-06-01 14:22:51"}
{"level":"http","message":"::1 - - [01/Jun/2026:08:52:52 +0000] \"GET /api/contacts?page=1&limit=10 HTTP/1.1\" 200 3135 \"http://localhost:5174/\" \"Mozilla/5.0 (Macintosh; Intel Mac OS X 10_15_7) AppleWebKit/537.36 (KHTML, like Gecko) Chrome/148.0.0.0 Safari/537.36\"","service":"sales-dialer-api","timestamp":"2026-06-01 14:22:52"}
{"level":"http","message":"::1 - - [01/Jun/2026:08:52:53 +0000] \"GET /api/contacts?limit=100 HTTP/1.1\" 200 3742 \"http://localhost:5174/\" \"Mozilla/5.0 (Macintosh; Intel Mac OS X 10_15_7) AppleWebKit/537.36 (KHTML, like Gecko) Chrome/148.0.0.0 Safari/537.36\"","service":"sales-dialer-api","timestamp":"2026-06-01 14:22:53"}
{"level":"http","message":"::1 - - [01/Jun/2026:08:52:53 +0000] \"GET /api/calls?page=1&limit=10&sortBy=startTime&order=desc HTTP/1.1\" 200 5423 \"http://localhost:5174/\" \"Mozilla/5.0 (Macintosh; Intel Mac OS X 10_15_7) AppleWebKit/537.36 (KHTML, like Gecko) Chrome/148.0.0.0 Safari/537.36\"","service":"sales-dialer-api","timestamp":"2026-06-01 14:22:53"}
{"level":"http","message":"::1 - - [01/Jun/2026:08:52:54 +0000] \"GET /api/dashboard HTTP/1.1\" 200 3114 \"http://localhost:5174/\" \"Mozilla/5.0 (Macintosh; Intel Mac OS X 10_15_7) AppleWebKit/537.36 (KHTML, like Gecko) Chrome/148.0.0.0 Safari/537.36\"","service":"sales-dialer-api","timestamp":"2026-06-01 14:22:54"}
{"level":"http","message":"::1 - - [01/Jun/2026:11:28:22 +0000] \"GET /api/dashboard HTTP/1.1\" 200 3114 \"http://localhost:5174/\" \"Mozilla/5.0 (Macintosh; Intel Mac OS X 10_15_7) AppleWebKit/537.36 (KHTML, like Gecko) Chrome/148.0.0.0 Safari/537.36\"","service":"sales-dialer-api","timestamp":"2026-06-01 16:58:22"}
{"level":"http","message":"::1 - - [01/Jun/2026:11:29:07 +0000] \"GET /api/dashboard HTTP/1.1\" 200 3114 \"http://localhost:5174/\" \"Mozilla/5.0 (Macintosh; Intel Mac OS X 10_15_7) AppleWebKit/537.36 (KHTML, like Gecko) Chrome/148.0.0.0 Safari/537.36\"","service":"sales-dialer-api","timestamp":"2026-06-01 16:59:07"}
{"level":"http","message":"::1 - - [01/Jun/2026:11:36:12 +0000] \"GET /api/dashboard HTTP/1.1\" 200 3114 \"http://localhost:5174/\" \"Mozilla/5.0 (Macintosh; Intel Mac OS X 10_15_7) AppleWebKit/537.36 (KHTML, like Gecko) Chrome/148.0.0.0 Safari/537.36\"","service":"sales-dialer-api","timestamp":"2026-06-01 17:06:12"}
{"level":"http","message":"::1 - - [01/Jun/2026:11:36:26 +0000] \"GET /api/dashboard HTTP/1.1\" 200 3114 \"http://localhost:5174/\" \"Mozilla/5.0 (Macintosh; Intel Mac OS X 10_15_7) AppleWebKit/537.36 (KHTML, like Gecko) Chrome/148.0.0.0 Safari/537.36\"","service":"sales-dialer-api","timestamp":"2026-06-01 17:06:26"}
{"level":"http","message":"::1 - - [01/Jun/2026:11:36:41 +0000] \"GET /api/dashboard HTTP/1.1\" 200 3114 \"http://localhost:5174/\" \"Mozilla/5.0 (Macintosh; Intel Mac OS X 10_15_7) AppleWebKit/537.36 (KHTML, like Gecko) Chrome/148.0.0.0 Safari/537.36\"","service":"sales-dialer-api","timestamp":"2026-06-01 17:06:41"}
{"level":"http","message":"::1 - - [01/Jun/2026:12:28:35 +0000] \"GET /api/dashboard HTTP/1.1\" 200 3114 \"http://localhost:5174/\" \"Mozilla/5.0 (Macintosh; Intel Mac OS X 10_15_7) AppleWebKit/537.36 (KHTML, like Gecko) Chrome/148.0.0.0 Safari/537.36\"","service":"sales-dialer-api","timestamp":"2026-06-01 17:58:35"}
{"level":"http","message":"::1 - - [01/Jun/2026:12:39:36 +0000] \"GET /api/dashboard HTTP/1.1\" 200 3114 \"http://localhost:5174/\" \"Mozilla/5.0 (Macintosh; Intel Mac OS X 10_15_7) AppleWebKit/537.36 (KHTML, like Gecko) Chrome/148.0.0.0 Safari/537.36\"","service":"sales-dialer-api","timestamp":"2026-06-01 18:09:36"}
{"level":"http","message":"::1 - - [01/Jun/2026:13:10:24 +0000] \"GET /api/dashboard HTTP/1.1\" 200 3114 \"http://localhost:5174/\" \"Mozilla/5.0 (Macintosh; Intel Mac OS X 10_15_7) AppleWebKit/537.36 (KHTML, like Gecko) Chrome/148.0.0.0 Safari/537.36\"","service":"sales-dialer-api","timestamp":"2026-06-01 18:40:24"}
{"level":"http","message":"::1 - - [01/Jun/2026:17:54:26 +0000] \"GET /api/auth/me HTTP/1.1\" 200 323 \"http://localhost:5174/\" \"Mozilla/5.0 (Macintosh; Intel Mac OS X 10_15_7) AppleWebKit/537.36 (KHTML, like Gecko) Chrome/148.0.0.0 Safari/537.36\"","service":"sales-dialer-api","timestamp":"2026-06-01 23:24:26"}
{"level":"http","message":"::1 - - [01/Jun/2026:17:54:27 +0000] \"GET /api/auth/me HTTP/1.1\" 200 323 \"http://localhost:5174/\" \"Mozilla/5.0 (Macintosh; Intel Mac OS X 10_15_7) AppleWebKit/537.36 (KHTML, like Gecko) Chrome/148.0.0.0 Safari/537.36\"","service":"sales-dialer-api","timestamp":"2026-06-01 23:24:27"}
{"level":"http","message":"::1 - - [01/Jun/2026:17:54:27 +0000] \"GET /api/dashboard HTTP/1.1\" 200 3114 \"http://localhost:5174/\" \"Mozilla/5.0 (Macintosh; Intel Mac OS X 10_15_7) AppleWebKit/537.36 (KHTML, like Gecko) Chrome/148.0.0.0 Safari/537.36\"","service":"sales-dialer-api","timestamp":"2026-06-01 23:24:27"}
{"level":"http","message":"::1 - - [01/Jun/2026:18:41:32 +0000] \"GET /api/auth/me HTTP/1.1\" 200 323 \"http://localhost:5174/\" \"Mozilla/5.0 (Macintosh; Intel Mac OS X 10_15_7) AppleWebKit/537.36 (KHTML, like Gecko) Chrome/148.0.0.0 Safari/537.36\"","service":"sales-dialer-api","timestamp":"2026-06-02 00:11:32"}
{"level":"http","message":"::1 - - [01/Jun/2026:18:41:32 +0000] \"GET /api/auth/me HTTP/1.1\" 200 323 \"http://localhost:5174/\" \"Mozilla/5.0 (Macintosh; Intel Mac OS X 10_15_7) AppleWebKit/537.36 (KHTML, like Gecko) Chrome/148.0.0.0 Safari/537.36\"","service":"sales-dialer-api","timestamp":"2026-06-02 00:11:32"}
{"level":"http","message":"::1 - - [01/Jun/2026:18:41:32 +0000] \"GET /api/dashboard HTTP/1.1\" 200 3113 \"http://localhost:5174/\" \"Mozilla/5.0 (Macintosh; Intel Mac OS X 10_15_7) AppleWebKit/537.36 (KHTML, like Gecko) Chrome/148.0.0.0 Safari/537.36\"","service":"sales-dialer-api","timestamp":"2026-06-02 00:11:32"}
{"level":"http","message":"::1 - - [01/Jun/2026:18:42:39 +0000] \"POST /api/auth/login HTTP/1.1\" 200 578 \"http://localhost:5174/\" \"Mozilla/5.0 (Macintosh; Intel Mac OS X 10_15_7) AppleWebKit/537.36 (KHTML, like Gecko) Chrome/148.0.0.0 Safari/537.36\"","service":"sales-dialer-api","timestamp":"2026-06-02 00:12:39"}
{"level":"http","message":"::1 - - [01/Jun/2026:18:42:40 +0000] \"GET /api/dashboard HTTP/1.1\" 200 3113 \"http://localhost:5174/\" \"Mozilla/5.0 (Macintosh; Intel Mac OS X 10_15_7) AppleWebKit/537.36 (KHTML, like Gecko) Chrome/148.0.0.0 Safari/537.36\"","service":"sales-dialer-api","timestamp":"2026-06-02 00:12:40"}
{"level":"http","message":"::1 - - [01/Jun/2026:18:42:58 +0000] \"GET /api/contacts?page=1&limit=10 HTTP/1.1\" 200 3135 \"http://localhost:5174/\" \"Mozilla/5.0 (Macintosh; Intel Mac OS X 10_15_7) AppleWebKit/537.36 (KHTML, like Gecko) Chrome/148.0.0.0 Safari/537.36\"","service":"sales-dialer-api","timestamp":"2026-06-02 00:12:58"}
{"level":"http","message":"::1 - - [01/Jun/2026:18:43:03 +0000] \"GET /api/dashboard HTTP/1.1\" 200 3113 \"http://localhost:5174/\" \"Mozilla/5.0 (Macintosh; Intel Mac OS X 10_15_7) AppleWebKit/537.36 (KHTML, like Gecko) Chrome/148.0.0.0 Safari/537.36\"","service":"sales-dialer-api","timestamp":"2026-06-02 00:13:03"}
{"level":"http","message":"::1 - - [01/Jun/2026:18:43:07 +0000] \"GET /api/contacts?page=1&limit=10 HTTP/1.1\" 200 3135 \"http://localhost:5174/\" \"Mozilla/5.0 (Macintosh; Intel Mac OS X 10_15_7) AppleWebKit/537.36 (KHTML, like Gecko) Chrome/148.0.0.0 Safari/537.36\"","service":"sales-dialer-api","timestamp":"2026-06-02 00:13:07"}
{"level":"http","message":"::1 - - [01/Jun/2026:18:43:09 +0000] \"GET /api/contacts?limit=100 HTTP/1.1\" 200 3742 \"http://localhost:5174/\" \"Mozilla/5.0 (Macintosh; Intel Mac OS X 10_15_7) AppleWebKit/537.36 (KHTML, like Gecko) Chrome/148.0.0.0 Safari/537.36\"","service":"sales-dialer-api","timestamp":"2026-06-02 00:13:09"}
{"level":"http","message":"::1 - - [01/Jun/2026:18:43:09 +0000] \"GET /api/contacts?page=1&limit=10 HTTP/1.1\" 200 3135 \"http://localhost:5174/\" \"Mozilla/5.0 (Macintosh; Intel Mac OS X 10_15_7) AppleWebKit/537.36 (KHTML, like Gecko) Chrome/148.0.0.0 Safari/537.36\"","service":"sales-dialer-api","timestamp":"2026-06-02 00:13:09"}
{"level":"http","message":"::1 - - [01/Jun/2026:18:44:00 +0000] \"POST /api/contacts HTTP/1.1\" 201 391 \"http://localhost:5174/\" \"Mozilla/5.0 (Macintosh; Intel Mac OS X 10_15_7) AppleWebKit/537.36 (KHTML, like Gecko) Chrome/148.0.0.0 Safari/537.36\"","service":"sales-dialer-api","timestamp":"2026-06-02 00:14:00"}
{"level":"http","message":"::1 - - [01/Jun/2026:18:44:00 +0000] \"GET /api/contacts?page=1&limit=10 HTTP/1.1\" 200 3139 \"http://localhost:5174/\" \"Mozilla/5.0 (Macintosh; Intel Mac OS X 10_15_7) AppleWebKit/537.36 (KHTML, like Gecko) Chrome/148.0.0.0 Safari/537.36\"","service":"sales-dialer-api","timestamp":"2026-06-02 00:14:00"}
{"level":"http","message":"::1 - - [01/Jun/2026:18:44:21 +0000] \"GET /api/dashboard HTTP/1.1\" 200 3113 \"http://localhost:5174/\" \"Mozilla/5.0 (Macintosh; Intel Mac OS X 10_15_7) AppleWebKit/537.36 (KHTML, like Gecko) Chrome/148.0.0.0 Safari/537.36\"","service":"sales-dialer-api","timestamp":"2026-06-02 00:14:21"}
{"level":"http","message":"::1 - - [01/Jun/2026:18:44:27 +0000] \"GET /api/contacts?page=1&limit=10 HTTP/1.1\" 200 3139 \"http://localhost:5174/\" \"Mozilla/5.0 (Macintosh; Intel Mac OS X 10_15_7) AppleWebKit/537.36 (KHTML, like Gecko) Chrome/148.0.0.0 Safari/537.36\"","service":"sales-dialer-api","timestamp":"2026-06-02 00:14:27"}
{"level":"http","message":"::1 - - [01/Jun/2026:18:44:31 +0000] \"GET /api/dashboard HTTP/1.1\" 200 3113 \"http://localhost:5174/\" \"Mozilla/5.0 (Macintosh; Intel Mac OS X 10_15_7) AppleWebKit/537.36 (KHTML, like Gecko) Chrome/148.0.0.0 Safari/537.36\"","service":"sales-dialer-api","timestamp":"2026-06-02 00:14:31"}
{"level":"http","message":"::1 - - [01/Jun/2026:18:44:42 +0000] \"GET /api/contacts?page=1&limit=10 HTTP/1.1\" 200 3139 \"http://localhost:5174/\" \"Mozilla/5.0 (Macintosh; Intel Mac OS X 10_15_7) AppleWebKit/537.36 (KHTML, like Gecko) Chrome/148.0.0.0 Safari/537.36\"","service":"sales-dialer-api","timestamp":"2026-06-02 00:14:42"}
{"level":"http","message":"::1 - - [01/Jun/2026:18:44:50 +0000] \"GET /api/contacts?limit=100 HTTP/1.1\" 200 4043 \"http://localhost:5174/\" \"Mozilla/5.0 (Macintosh; Intel Mac OS X 10_15_7) AppleWebKit/537.36 (KHTML, like Gecko) Chrome/148.0.0.0 Safari/537.36\"","service":"sales-dialer-api","timestamp":"2026-06-02 00:14:50"}
{"level":"http","message":"::1 - - [01/Jun/2026:18:44:55 +0000] \"GET /api/contacts/e99b3501-c978-4336-bccf-478ba8ec2edf HTTP/1.1\" 200 393 \"http://localhost:5174/\" \"Mozilla/5.0 (Macintosh; Intel Mac OS X 10_15_7) AppleWebKit/537.36 (KHTML, like Gecko) Chrome/148.0.0.0 Safari/537.36\"","service":"sales-dialer-api","timestamp":"2026-06-02 00:14:55"}
{"level":"http","message":"::1 - - [01/Jun/2026:18:44:58 +0000] \"POST /api/calls/start HTTP/1.1\" 201 710 \"http://localhost:5174/\" \"Mozilla/5.0 (Macintosh; Intel Mac OS X 10_15_7) AppleWebKit/537.36 (KHTML, like Gecko) Chrome/148.0.0.0 Safari/537.36\"","service":"sales-dialer-api","timestamp":"2026-06-02 00:14:58"}
{"level":"http","message":"::1 - - [01/Jun/2026:18:45:11 +0000] \"POST /api/calls/end HTTP/1.1\" 200 415 \"http://localhost:5174/\" \"Mozilla/5.0 (Macintosh; Intel Mac OS X 10_15_7) AppleWebKit/537.36 (KHTML, like Gecko) Chrome/148.0.0.0 Safari/537.36\"","service":"sales-dialer-api","timestamp":"2026-06-02 00:15:11"}
{"level":"http","message":"::1 - - [01/Jun/2026:18:45:19 +0000] \"POST /api/calls/1d9c4dbb-9a23-4911-80a7-95e35f434c47/notes HTTP/1.1\" 201 525 \"http://localhost:5174/\" \"Mozilla/5.0 (Macintosh; Intel Mac OS X 10_15_7) AppleWebKit/537.36 (KHTML, like Gecko) Chrome/148.0.0.0 Safari/537.36\"","service":"sales-dialer-api","timestamp":"2026-06-02 00:15:19"}
{"level":"http","message":"::1 - - [01/Jun/2026:18:45:21 +0000] \"GET /api/contacts?limit=100 HTTP/1.1\" 200 4043 \"http://localhost:5174/\" \"Mozilla/5.0 (Macintosh; Intel Mac OS X 10_15_7) AppleWebKit/537.36 (KHTML, like Gecko) Chrome/148.0.0.0 Safari/537.36\"","service":"sales-dialer-api","timestamp":"2026-06-02 00:15:21"}
{"level":"http","message":"::1 - - [01/Jun/2026:18:45:21 +0000] \"GET /api/calls?page=1&limit=10&sortBy=startTime&order=desc HTTP/1.1\" 200 6233 \"http://localhost:5174/\" \"Mozilla/5.0 (Macintosh; Intel Mac OS X 10_15_7) AppleWebKit/537.36 (KHTML, like Gecko) Chrome/148.0.0.0 Safari/537.36\"","service":"sales-dialer-api","timestamp":"2026-06-02 00:15:21"}
{"level":"http","message":"::1 - - [01/Jun/2026:18:45:23 +0000] \"GET /api/calls/1d9c4dbb-9a23-4911-80a7-95e35f434c47/notes HTTP/1.1\" 200 532 \"http://localhost:5174/\" \"Mozilla/5.0 (Macintosh; Intel Mac OS X 10_15_7) AppleWebKit/537.36 (KHTML, like Gecko) Chrome/148.0.0.0 Safari/537.36\"","service":"sales-dialer-api","timestamp":"2026-06-02 00:15:23"}
{"ip":"::1","level":"error","message":"Server Error: SQLITE_ERROR: no such column: Call.date","method":"GET","requestId":"req_1780339539620_l2z6tyqze","service":"sales-dialer-api","stack":"Error\n    at Database.<anonymous> (/Users/user/sales-dialer/backend/node_modules/sequelize/lib/dialects/sqlite/query.js:185:27)\n    at /Users/user/sales-dialer/backend/node_modules/sequelize/lib/dialects/sqlite/query.js:183:50\n    at new Promise (<anonymous>)\n    at Query.run (/Users/user/sales-dialer/backend/node_modules/sequelize/lib/dialects/sqlite/query.js:183:12)\n    at /Users/user/sales-dialer/backend/node_modules/sequelize/lib/sequelize.js:315:28\n    at process.processTicksAndRejections (node:internal/process/task_queues:103:5)\n    at async SQLiteQueryInterface.select (/Users/user/sales-dialer/backend/node_modules/sequelize/lib/dialects/abstract/query-interface.js:407:12)\n    at async Call.findAll (/Users/user/sales-dialer/backend/node_modules/sequelize/lib/model.js:1140:21)\n    at async Promise.all (index 1)\n    at async Call.findAndCountAll (/Users/user/sales-dialer/backend/node_modules/sequelize/lib/model.js:1322:27)","timestamp":"2026-06-02 00:15:39","url":"/api/calls?page=1&limit=10&sortBy=date&order=asc"}
{"level":"http","message":"::1 - - [01/Jun/2026:18:45:39 +0000] \"GET /api/calls?page=1&limit=10&sortBy=date&order=asc HTTP/1.1\" 400 83 \"http://localhost:5174/\" \"Mozilla/5.0 (Macintosh; Intel Mac OS X 10_15_7) AppleWebKit/537.36 (KHTML, like Gecko) Chrome/148.0.0.0 Safari/537.36\"","service":"sales-dialer-api","timestamp":"2026-06-02 00:15:39"}
{"ip":"::1","level":"error","message":"Server Error: SQLITE_ERROR: no such column: Call.date","method":"GET","requestId":"req_1780339540672_matioobcz","service":"sales-dialer-api","stack":"Error\n    at Database.<anonymous> (/Users/user/sales-dialer/backend/node_modules/sequelize/lib/dialects/sqlite/query.js:185:27)\n    at /Users/user/sales-dialer/backend/node_modules/sequelize/lib/dialects/sqlite/query.js:183:50\n    at new Promise (<anonymous>)\n    at Query.run (/Users/user/sales-dialer/backend/node_modules/sequelize/lib/dialects/sqlite/query.js:183:12)\n    at /Users/user/sales-dialer/backend/node_modules/sequelize/lib/sequelize.js:315:28\n    at process.processTicksAndRejections (node:internal/process/task_queues:103:5)\n    at async SQLiteQueryInterface.select (/Users/user/sales-dialer/backend/node_modules/sequelize/lib/dialects/abstract/query-interface.js:407:12)\n    at async Call.findAll (/Users/user/sales-dialer/backend/node_modules/sequelize/lib/model.js:1140:21)\n    at async Promise.all (index 1)\n    at async Call.findAndCountAll (/Users/user/sales-dialer/backend/node_modules/sequelize/lib/model.js:1322:27)","timestamp":"2026-06-02 00:15:40","url":"/api/calls?page=1&limit=10&sortBy=date&order=asc"}
{"level":"http","message":"::1 - - [01/Jun/2026:18:45:40 +0000] \"GET /api/calls?page=1&limit=10&sortBy=date&order=asc HTTP/1.1\" 400 83 \"http://localhost:5174/\" \"Mozilla/5.0 (Macintosh; Intel Mac OS X 10_15_7) AppleWebKit/537.36 (KHTML, like Gecko) Chrome/148.0.0.0 Safari/537.36\"","service":"sales-dialer-api","timestamp":"2026-06-02 00:15:40"}
{"level":"http","message":"::1 - - [01/Jun/2026:18:45:41 +0000] \"GET /api/dashboard HTTP/1.1\" 200 3117 \"http://localhost:5174/\" \"Mozilla/5.0 (Macintosh; Intel Mac OS X 10_15_7) AppleWebKit/537.36 (KHTML, like Gecko) Chrome/148.0.0.0 Safari/537.36\"","service":"sales-dialer-api","timestamp":"2026-06-02 00:15:41"}
{"level":"http","message":"::1 - - [01/Jun/2026:19:12:47 +0000] \"GET /api/auth/me HTTP/1.1\" 200 323 \"http://localhost:5174/\" \"Mozilla/5.0 (Macintosh; Intel Mac OS X 10_15_7) AppleWebKit/537.36 (KHTML, like Gecko) Chrome/148.0.0.0 Safari/537.36\"","service":"sales-dialer-api","timestamp":"2026-06-02 00:42:47"}
{"level":"http","message":"::1 - - [01/Jun/2026:19:12:47 +0000] \"GET /api/auth/me HTTP/1.1\" 200 323 \"http://localhost:5174/\" \"Mozilla/5.0 (Macintosh; Intel Mac OS X 10_15_7) AppleWebKit/537.36 (KHTML, like Gecko) Chrome/148.0.0.0 Safari/537.36\"","service":"sales-dialer-api","timestamp":"2026-06-02 00:42:47"}
{"level":"http","message":"::1 - - [01/Jun/2026:19:12:47 +0000] \"GET /api/auth/me HTTP/1.1\" 200 323 \"http://localhost:5174/\" \"Mozilla/5.0 (Macintosh; Intel Mac OS X 10_15_7) AppleWebKit/537.36 (KHTML, like Gecko) Chrome/148.0.0.0 Safari/537.36\"","service":"sales-dialer-api","timestamp":"2026-06-02 00:42:47"}
{"level":"http","message":"::1 - - [01/Jun/2026:19:12:47 +0000] \"GET /api/auth/me HTTP/1.1\" 200 323 \"http://localhost:5174/\" \"Mozilla/5.0 (Macintosh; Intel Mac OS X 10_15_7) AppleWebKit/537.36 (KHTML, like Gecko) Chrome/148.0.0.0 Safari/537.36\"","service":"sales-dialer-api","timestamp":"2026-06-02 00:42:47"}
{"level":"http","message":"::1 - - [01/Jun/2026:19:12:47 +0000] \"GET /api/dashboard HTTP/1.1\" 200 3117 \"http://localhost:5174/\" \"Mozilla/5.0 (Macintosh; Intel Mac OS X 10_15_7) AppleWebKit/537.36 (KHTML, like Gecko) Chrome/148.0.0.0 Safari/537.36\"","service":"sales-dialer-api","timestamp":"2026-06-02 00:42:47"}
{"level":"http","message":"::1 - - [01/Jun/2026:19:12:47 +0000] \"GET /api/dashboard HTTP/1.1\" 200 3117 \"http://localhost:5174/\" \"Mozilla/5.0 (Macintosh; Intel Mac OS X 10_15_7) AppleWebKit/537.36 (KHTML, like Gecko) Chrome/148.0.0.0 Safari/537.36\"","service":"sales-dialer-api","timestamp":"2026-06-02 00:42:47"}
{"level":"http","message":"::1 - - [01/Jun/2026:19:30:18 +0000] \"GET /api/dashboard HTTP/1.1\" 200 3117 \"http://localhost:5174/\" \"Mozilla/5.0 (Macintosh; Intel Mac OS X 10_15_7) AppleWebKit/537.36 (KHTML, like Gecko) Chrome/148.0.0.0 Safari/537.36\"","service":"sales-dialer-api","timestamp":"2026-06-02 01:00:18"}
{"level":"http","message":"::1 - - [01/Jun/2026:19:30:18 +0000] \"GET /api/dashboard HTTP/1.1\" 200 3117 \"http://localhost:5174/\" \"Mozilla/5.0 (Macintosh; Intel Mac OS X 10_15_7) AppleWebKit/537.36 (KHTML, like Gecko) Chrome/148.0.0.0 Safari/537.36\"","service":"sales-dialer-api","timestamp":"2026-06-02 01:00:18"}
{"level":"http","message":"::1 - - [02/Jun/2026:01:04:15 +0000] \"GET /api/dashboard HTTP/1.1\" 200 3117 \"http://localhost:5174/\" \"Mozilla/5.0 (Macintosh; Intel Mac OS X 10_15_7) AppleWebKit/537.36 (KHTML, like Gecko) Chrome/148.0.0.0 Safari/537.36\"","service":"sales-dialer-api","timestamp":"2026-06-02 06:34:15"}
{"level":"http","message":"::1 - - [02/Jun/2026:01:04:15 +0000] \"GET /api/dashboard HTTP/1.1\" 200 3117 \"http://localhost:5174/\" \"Mozilla/5.0 (Macintosh; Intel Mac OS X 10_15_7) AppleWebKit/537.36 (KHTML, like Gecko) Chrome/148.0.0.0 Safari/537.36\"","service":"sales-dialer-api","timestamp":"2026-06-02 06:34:15"}
{"level":"http","message":"::1 - - [02/Jun/2026:01:54:36 +0000] \"GET /api/dashboard HTTP/1.1\" 200 3117 \"http://localhost:5174/\" \"Mozilla/5.0 (Macintosh; Intel Mac OS X 10_15_7) AppleWebKit/537.36 (KHTML, like Gecko) Chrome/148.0.0.0 Safari/537.36\"","service":"sales-dialer-api","timestamp":"2026-06-02 07:24:36"}
{"level":"http","message":"::1 - - [02/Jun/2026:01:54:36 +0000] \"GET /api/dashboard HTTP/1.1\" 200 3117 \"http://localhost:5174/\" \"Mozilla/5.0 (Macintosh; Intel Mac OS X 10_15_7) AppleWebKit/537.36 (KHTML, like Gecko) Chrome/148.0.0.0 Safari/537.36\"","service":"sales-dialer-api","timestamp":"2026-06-02 07:24:36"}
{"level":"http","message":"::1 - - [02/Jun/2026:03:49:08 +0000] \"GET /api/dashboard HTTP/1.1\" 200 3117 \"http://localhost:5174/\" \"Mozilla/5.0 (Macintosh; Intel Mac OS X 10_15_7) AppleWebKit/537.36 (KHTML, like Gecko) Chrome/148.0.0.0 Safari/537.36\"","service":"sales-dialer-api","timestamp":"2026-06-02 09:19:08"}
{"level":"http","message":"::1 - - [02/Jun/2026:03:49:08 +0000] \"GET /api/dashboard HTTP/1.1\" 200 3117 \"http://localhost:5174/\" \"Mozilla/5.0 (Macintosh; Intel Mac OS X 10_15_7) AppleWebKit/537.36 (KHTML, like Gecko) Chrome/148.0.0.0 Safari/537.36\"","service":"sales-dialer-api","timestamp":"2026-06-02 09:19:08"}
{"level":"info","message":"SIGTERM received. Starting graceful shutdown...","service":"sales-dialer-api","timestamp":"2026-06-03 11:51:22"}
{"level":"info","message":"HTTP server closed","service":"sales-dialer-api","timestamp":"2026-06-03 11:51:22"}
{"level":"info","message":"Database connection closed","service":"sales-dialer-api","timestamp":"2026-06-03 11:51:22"}
